Directors,Title
A. Edward Sutherland,1
A.J. Eaton,1
A.T. White,1
"Aamir Khan,Amole Gupte",1
Aanand L. Rai,1
Aaron B. Koontz,1
"Aaron Blaise,Robert Walker",1
Aaron Fisher,1
"Aaron Hann,Mario Miscione",1
Aaron Harvey,1
Aaron J. Wiederspahn,1
Aaron Lieber,1
"Aaron McCann,Dominic Pearce",1
Aaron Mirtes,1
"Aaron Rose,Joshua Leonard",1
Aaron Sorkin,1
Aaron Woodley,2
Aaron Woolf,1
Abby Epstein,1
Abdellatif Kechiche,1
Abe Forsythe,1
Abel Ferrara,4
Abhay Chopra,1
Abhinay Deo,1
"Abhinay Deo,Akshat Verma",1
Abhishek Chaubey,1
Abhishek Kapoor,2
Abhishek Sharma,1
Abhishek Varman,2
"Abigail Disney,Kathleen Hughes",1
Adam Alleca,1
Adam Bhala Lough,2
"Adam Carolla,Nate Adams",1
Adam Christian Clark,1
Adam Davis,1
"Adam Del Deo,James D. Stern",1
Adam Egypt Mortimer,1
Adam Garnet Jones,1
Adam Green,2
"Adam Green,Joe Lynch,Bear McCreary,Adam Rifkin,Tim Sullivan",1
Adam Kane,1
"Adam Kassen,Mark Kassen",1
Adam Leon,1
Adam Levins,1
Adam MacDonald,1
Adam Marino,1
Adam Massey,1
Adam McKay,1
Adam Nimoy,1
Adam Randall,1
Adam Rapp,1
Adam Rifkin,3
Adam Rodgers,1
Adam Salky,1
Adam Shankman,2
Adam Simon,2
Adam Smith,1
Adam Yauch,1
Aditya Chopra,2
Adrian Grunberg,2
Adrian Lyne,1
Adrian Vitoria,1
Adrián García Bogliano,1
"Adrián García Bogliano,Ramiro García Bogliano",1
Advait Chandan,1
Afia Nathaniel,1
Agnieszka Holland,1
Aisling Walsh,1
Aislinn Clarke,1
Ajay Devgn,1
Ajmal Zaheer Ahmad,1
Akarsh Khurana,1
Akira Kurosawa,2
Akiva Schaffer,1
"Akiyuki Shinbo,Nobuyuki Takeuchi",1
Akshay Roy,1
Aktan Arym Kubat,1
Alain Corneau,1
Alain Desrochers,1
Alain Gomis,1
Alain Gsponer,1
Alan Crosland,1
Alan Govenar,2
Alan Metter,1
Alan Parker,2
"Alan Polsky,Gabe Polsky",1
Alan Rickman,1
Alan Rudolph,1
Alan Taylor,1
Alan Yang,1
Alan Zweig,1
Alanis Obomsawin,1
"Alastair Fothergill,Jeff Wilson",1
"Alastair Fothergill,Mark Linfield",1
Alastair Siddons,1
Albert Band,1
"Albert Hughes,Allen Hughes",2
Albert Pyun,1
Alberto Rodríguez,1
Alec Gillis,1
Alejandra Márquez Abella,1
Alejandro Amenábar,3
Alejandro G. Iñárritu,2
Alejandro Landes,1
Aleksandr Chernyaev,1
Aleksandr Sokurov,1
Aleksey German Jr.,1
Aleksey Popogrebskiy,1
Alessio Cremonini,1
Alethea Jones,1
Alex Cox,1
"Alex Dawson,Greg Gricus",1
Alex De Rakoff,1
Alex Fegan,1
Alex Garland,2
Alex Gibney,1
"Alex Gregory,Peter Huyck",1
"Alex Haughey,Brian Vidal",1
"Alex Holdridge,Linnea Saasen",1
Alex Infascelli,1
Alex Karpovsky,1
Alex Lehmann,3
Alex Orr,1
Alex Pettyfer,1
Alex Ranarivelo,1
Alex Richanbach,1
Alex Ross Perry,3
Alex Rotaru,1
Alex Shuper,1
"Alex Smith,Andrew J. Smith",1
Alex Timbers,1
Alex Turner,1
Alex Winter,1
Alex Zamm,3
"Alexander Esway,Billy Wilder",1
Alexander Korda,2
Alexander Mackendrick,1
Alexander Nevsky,1
Alexander Payne,1
Alexander Witt,1
Alexandra Dean,1
Alexandre Aja,2
Alexandre Arcady,1
"Alexandre Heboyan,Benoît Philippon",1
Alexandre Moors,1
Alexandre O. Philippe,2
Alexandre Rockwell,1
Alexandria Bombach,1
"Alexi Pappas,Jeremy Teicher",1
Alexis Bloom,1
Alexis Dos Santos,1
Alexis Michalik,1
Alexs Stadermann,1
Alfonso Cortés-Cavanillas,1
Alfonso Cuarón,2
Alfred E. Green,1
"Alfred Gimeno,Eric Radomski",1
Alfred Hitchcock,3
"Alfred L. Werker,Anthony Mann",1
Alfred Sole,1
Alfredo Rodriguez de Villa,1
Ali Abbas Zafar,3
Ali Abbasi,2
Ali Selim,1
Alice Rohrwacher,1
Alice Winocour,1
Alice Wu,1
Alireza Khatami,1
Alison Klayman,1
Alison Maclean,1
Alla Kovgan,1
Allan Dwan,1
Allan Holzman,1
Allen Wolf,1
Allison Liddi-Brown,1
Ally Walker,1
Alma Har'el,1
"Alon Schwarz,Shaul Schwarz",1
Alonso Mayo,1
Alê Abreu,1
Amanda Kramer,1
Amanda Wilder,1
Amar Kaushik,1
Amir Bar-Lev,2
Amit Masurkar,1
Amma Asante,1
Amman Abbasi,1
Amol Palekar,1
Amr Salama,1
Amy Berg,1
Amy Holden Jones,1
Amy Poehler,1
Amy S. Weber,1
Amy Seimetz,1
Ana Asensio,1
Ana Kokkinos,1
Ana Lily Amirpour,1
Analeine Cal y Mayor,1
Anand Tucker,1
Ananth Narayan Mahadevan,1
Anders Morgenthaler,1
Anders Thomas Jensen,2
Anders Walter,1
Andrea Arnold,1
Andrea Di Stefano,1
Andrea Kalin,1
Andrea Segre,1
Andreas Prochaska,1
Andrei Tarkovsky,2
Andrew Adamson,3
"Andrew Becker,Daniel Mehrer",1
Andrew Bujalski,4
Andrew C. Erin,1
"Andrew Coats,Lou Hamou-Lhadj",1
"Andrew Cohn,Davy Rothbart",1
Andrew Davis,2
Andrew Dominik,1
Andrew Douglas,1
"Andrew Erwin,Jon Erwin",1
Andrew Gallerani,1
Andrew Garrison,1
Andrew Getty,1
Andrew Haigh,2
Andrew Heckler,1
Andrew Horn,1
Andrew Jacobs,1
Andrew Knight,1
"Andrew Lau,Alan Mak,Ralph Rieckermann",1
"Andrew Lau,Andrew Loo",1
Andrew Monument,1
Andrew Morgan,1
Andrew Napier,1
Andrew Niccol,2
Andrew Peat,1
Andrew Renzi,1
Andrew Rossi,1
Andrew Semans,1
Andrew Shea,1
Andrew Slater,1
Andrew Stanton,2
"Andrew Stanton,Angus MacLane",1
"Andrew Stanton,Lee Unkrich",1
Andrew Traucki,1
Andrew V. McLaglen,1
Andrey Konchalovskiy,1
Andrey Kravchuk,1
Andrey Zvyagintsev,1
Andrzej Bartkowiak,1
Andrzej Krakowski,1
André Téchiné,1
André Øvredal,1
Andrés Baiz,1
Andrés Couturier,1
"Andy Bichlbaum,Mike Bonanno,Laura Nix",1
Andy Capper,1
Andy De Emmony,1
Andy Fickman,3
Andy Goddard,1
"Andy Heathcote,Heike Bachelier",1
Andy Palmer,1
Andy Serkis,2
Andy Tennant,3
Anees Bazmee,2
Ang Lee,1
Angad Aulakh,1
Angad Bhalla,1
Angela Robinson,2
Angelina Jolie,3
Angelina Maccarone,1
Angus MacLachlan,1
Aniruddha Roy Chowdhury,1
Anita Doron,1
Ann Deborah Fishman,1
Ann Hui,2
Anna Biller,1
"Anna Boden,Ryan Fleck",2
Anna Mastro,1
Anna Muylaert,1
Anna Rose Holmer,1
Anne Bass,1
"Anne Bogart,Holly Morris",1
Anne Fletcher,1
Anne Fontaine,1
Annette Haywood-Carter,1
"Annie J. Howell,Lisa Robinson",1
"Annika Iltis,Timothy James Kane",1
Anocha Suwichakornpong,1
Anthony Asquith,1
Anthony Burns,1
Anthony Byrne,1
Anthony C. Ferrante,5
"Anthony Caronna,Alexander Smith",1
Anthony D'Souza,1
Anthony Hemingway,1
Anthony Lucero,1
Anthony Mann,1
Anthony Maras,1
Anthony Perkins,1
Anthony Powell,1
"Anthony Russo,Joe Russo",4
"Anthony Scott Burns,Kevin Kölsch,Nicholas McCarthy,Adam Egypt Mortimer,Gary Shore,Kevin Smith,Sarah Adina Smith,Scott Stewart,Dennis Widmyer",1
Anthony Silverston,1
Anthony Stabley,1
Anthony Wilcox,1
Anthony Wonke,1
Antoine Bardou-Jacquet,1
Antoine Fuqua,2
Anton Corbijn,1
"Anton Corbijn,John Merizalde,Pasqual Gutierrez",1
Antonin Baudry,1
Antonino D'Ambrosio,1
Antonio Isasi-Isasmendi,1
Antonio Tublen,1
Anubhav Sinha,2
Anurag Basu,3
Anurag Kashyap,1
Anurag Singh,1
"Anusha Rizvi,Mahmood Farooqui",1
Aoife McArdle,1
April Mullen,1
Aprill Winney,1
Archie Borders,1
Ari Aster,2
Ari Gold,1
"Ari Issler,Ben Snyder",1
Ari Sandel,2
Aric Avelino,1
Arie Posin,1
Ariel Kleiman,1
Ariel Vromen,2
Arlene Sanford,1
Armand Mastroianni,1
Armando Iannucci,1
Arnab Chaudhuri,1
Arnaud Desplechin,1
Arnaud des Pallières,1
"Aron Gaudet,Gita Pullapilly",1
Arthur Allan Seidelman,1
Arthur Hiller,2
Arthur Hilton,1
Arthur Marks,1
Arthur Penn,1
Asaph Polonsky,1
Asger Leth,1
"Asger Leth,Milos Loncarevic",1
Asghar Farhadi,2
Ashutosh Gowariker,5
Ashwiny Iyer Tiwari,1
Asia Argento,1
Asif Kapadia,2
Ask Hasselbalch,1
Astra Taylor,1
Atanu Mukherjee,1
"Ate de Jong,Emily Harris",1
Athiná-Rachél Tsangári,1
Atom Egoyan,4
Atsuko Hirayanagi,1
Atsushi Funahashi,1
Atul Manjrekar,1
Aubrey Nealon,1
Augustine Frizzell,1
Austin Chick,1
Austin Stark,1
Austin Vesely,1
Ava DuVernay,2
Avi Belkin,1
BJ McDonnell,1
Babak Anvari,2
Babak Jalali,1
Bahman Ghobadi,2
Baillie Walsh,1
Baltasar Kormákur,2
"Barak Goodman,Jamila Ephron",1
Baran bo Odar,2
Barbara Albert,1
"Barbara Peeters,Jimmy T. Murakami",2
Barnaby Southcombe,1
Barnet Bain,1
Barney Clay,1
Barry Avrich,1
Barry Battles,1
Barry Jenkins,2
Barry Levinson,5
Barry Shear,1
Barry Shils,1
Barry Sonnenfeld,1
Barry W. Blaustein,1
Bart Layton,1
Beadie Finzi,1
Becca Gleason,1
Beeban Kidron,1
"Ben Blaine,Chris Blaine",1
Ben Browder,1
Ben C. Lucas,1
Ben Cresciman,1
Ben Gluck,1
Ben Hickernell,1
"Ben Howling,Yolanda Ramke",1
Ben Lear,1
Ben Lewis,1
"Ben Rivers,Ben Russell",1
Ben Shelton,1
"Ben Stassen,Mimi Maynard",1
Ben Wheatley,3
Ben Young,2
Ben Younger,1
Benedict Andrews,2
Benedikt Erlingsson,1
Benjamin Berman,1
Benjamin Statler,1
"Benjamin Turner,Gabe Turner",1
Benjamín Ávila,1
Bennett Miller,1
Benni Diez,1
"Benny Safdie,Josh Safdie",1
Benson Lee,1
Bent-Jorgen Perlmutt,1
Bernard L. Kowalski,1
Bernard Rose,4
Bernardo Ruiz,1
Bert I. Gordon,1
Bert Marcus,1
"Bert Marcus,Cyrus Saidi",1
"Bert,Bertie",1
Bertrand Tavernier,2
Bethany Ashton Wolf,1
Bette Gordon,2
Betty Thomas,1
"Beyoncé,Ed Burke",1
"Bibo Bergeron,Don Paul,Jeffrey Katzenberg",1
Bigas Luna,1
Bill Condon,2
Bill Duke,1
Bill Fishman,1
Bill Gunn,1
Bill Holderman,1
"Bill Jones,Jeff Simpson,Ben Timlett",1
"Bill Jones,Terry Jones,Ben Timlett",1
Bill Oliver,1
Bill Paxton,1
Bill Pohlad,1
Bill Watterson,1
Bille August,1
Bille Woodruff,1
Billy Corben,1
Billy O'Brien,1
Billy Ray,1
Billy Senese,1
Billy Wilder,4
Bing Liu,1
Biyi Bandele,1
Blair Treu,2
Blake Edwards,2
Blitz Bazawule,1
Bo Burnham,2
Bo Mikkelsen,1
Bo Welch,1
Boaz Yakin,2
Bob Byington,3
Bob Clark,2
Bob Giraldi,1
Bob Hathcock,1
"Bob Hercules,Cheri Pugh",1
"Bob Kline,Cullen Blaine,Dale Case,Daniel de la Vega,Barbara Dourmaskin-Case,Rick Leon,Burt Medall,Mitch Rochon",1
Bob Nelson,1
Bob Odenkirk,1
"Bob Persichetti,Peter Ramsey,Rodney Rothman",1
Bob Swaim,1
"Bobby Farrelly,Peter Farrelly",1
Bobby Miller,1
Bobby Roe,2
Bobby Roth,1
Bobcat Goldthwait,3
Bohdan Sláma,3
Bong Joon Ho,4
"Bonni Cohen,Jon Shenk",1
Boots Riley,1
Brad Abrahams,1
Brad Anderson,5
Brad Bird,2
"Brad Bird,Jan Pinkava",1
Brad Coley,1
Brad Furman,1
Brad Leong,1
Brad Mirman,1
Brad Peyton,1
Bradford May,1
Bradley Cooper,1
Bradley Parker,1
Bradley Raymond,4
Brady Corbet,2
Brandon Camp,1
Brandon Cronenberg,1
Brandon Nutt,1
Breck Eisner,1
"Brenda Chapman,Steve Hickner,Simon Wells",1
"Brendan Malloy,Emmett Malloy",1
Brendan Muldowney,1
Brendon Marotta,1
Brent Hodge,1
Brent Maddock,1
Brett Gaylor,1
Brett Haley,4
Brett Harvey,1
Brian A. Metcalf,1
Brian A. Miller,1
Brian Austin Green,1
Brian De Palma,3
Brian Fee,1
Brian Helgeland,1
Brian Henson,1
"Brian Henson,David Lane",1
Brian James O'Connell,1
Brian Jun,1
"Brian Klugman,Lee Sternthal",1
Brian Knappenberger,2
Brian Kosisky,1
Brian Levant,1
Brian O'Malley,1
Brian Pimental,1
Brian Savelson,1
Brian Smith,1
Brian Smrz,1
Brian Taylor,1
Brian Trenchard-Smith,2
Brian Yuzna,3
Bridey Elliott,1
"Bridget Savage Cole,Danielle Krudy",1
Brie Larson,1
Bruce Beresford,3
Bruce Brown,2
Bruce Gowers,1
"Bruce Guthrie,Alan Hruska",1
Bruce Hendricks,2
"Bruce Malmuth,Gary Nelson",1
Bruce McDonald,1
Bruce Neibaur,1
Bruce Pittman,1
Bruce Robinson,2
Bruce Thierry Cheung,1
Bruce W. Smith,1
Bryan Bertino,1
"Bryan Carberry,Clay Tweel",1
Bryan Fogel,1
Bryan Forbes,1
"Bud Clayman,Glenn Holsten,Scott Johnston",1
Budd Boetticher,1
Buddy Giovinazzo,1
Bumpy,1
Burny Mattinson,1
Burr Steers,1
Burt Kennedy,2
Burt Lancaster,1
"Byron Howard,Chris Williams",1
"Byron Howard,Rich Moore,Jared Bush",1
Byung-gil Jung,1
Callie Khouri,1
"Cameron Cairnes,Colin Cairnes",1
Cameron Crowe,2
Cameron Yates,1
Camilla Hall,1
Camille Delamarre,1
"Campbell Scott,Stanley Tucci",1
Caradog W. James,1
"Carl Boese,Paul Wegener",1
"Carl Deal,Tia Lessin",2
Carl Franklin,1
Carles Torrens,1
Carlo Carlei,1
"Carlos Carcas,Norberto López Amado",1
Carlos Lechuga,1
Carlos Marques-Marcet,1
"Carlos Sanchez,Jason Sanchez",1
Carlos Vermut,1
Carly Stone,1
Carrie Preston,1
Carroll Ballard,1
Carter,1
Cary Joji Fukunaga,2
Cary Medoway,1
Caryn Waechter,2
Casey Affleck,1
Casper Andreas,1
Cate Shortland,1
Catherine Corsini,2
Catherine Hardwicke,2
"Cathryn Michon,Guy Shalem",1
Cathy Randall,1
Cesc Gay,1
Cess Silvera,1
Chad Archibald,1
Chad Gracia,1
Chad Hartigan,2
Chan-wook Park,2
Chang-dong Lee,1
Chanya Button,1
"Chapman Way,Maclain Way",1
"Charles A. Addessi,William DeMeo",1
Charles B. Pierce,1
Charles Barton,2
Charles Binamé,1
"Charles Guard,Thomas Guard",1
Charles Haid,1
Charles Hood,1
Charles Martin Smith,3
Charles Officer,2
Charles Poekel,1
"Charles Reisner,Buster Keaton",1
Charles Shyer,1
Charles Stone III,2
Charles de Lauzirika,1
Charlie Bean,1
Charlie McDowell,2
Charlie Minn,1
Charlie Siskel,1
Charlie Stratton,1
Che Sandoval,1
Cheryl Dunye,1
Chi-Leung Law,1
Chiara Clemente,1
"Chih-Yen Hsu,Mag Hsu",1
Chiwetel Ejiofor,1
Chris Addison,1
Chris Baugh,1
"Chris Bell,Josh Alexander,Greg Young",1
Chris Bouchard,1
Chris Brown,1
"Chris Buck,Jennifer Lee",2
Chris Butler,1
Chris Carter,1
Chris Columbus,1
Chris Dowling,1
Chris Eska,1
Chris Eyre,1
Chris Fisher,1
Chris Foggin,1
Chris Gerolmo,1
Chris Kelly,1
Chris Koch,2
Chris McCoy,1
Chris Messina,1
Chris Moukarbel,1
Chris Nahon,1
Chris Nelson,2
Chris Paine,2
Chris Peckover,1
Chris Perkel,1
"Chris Renaud,Jonathan del Val",1
Chris Smith,2
Chris Ver Wiel,1
"Chris Wedge,Carlos Saldanha",1
Chris Weitz,2
"Chris Weitz,Paul Weitz",1
Christian Alvart,1
Christian Cantamessa,1
Christian Carion,1
Christian Charles,1
"Christian Desmares,Franck Ekinci",1
Christian Ditter,1
Christian E. Christiansen,1
Christian Gudegast,1
Christian Petzold,1
Christiane Cegavske,1
Christie Will Wolf,1
Christina Choe,1
"Christina Clusiau,Shaul Schwarz",1
Christina Wayne,1
Christine Jeffs,1
Christophe Honoré,2
"Christopher Caldwell,Zeek Earl",1
Christopher Denham,1
Christopher Dillon Quinn,1
Christopher Duddy,1
Christopher Guest,1
Christopher Leitch,1
Christopher Louie,1
Christopher McQuarrie,2
Christopher Morris,1
Christopher N. Rowley,1
Christopher Nolan,3
"Christopher Radcliff,Lauren Wolkstein",1
Christopher Smith,3
"Chuck Konzelman,Cary Solomon",1
Chuck Russell,2
Chuck Sheetz,1
Ciarán Foy,1
Cindy Chupack,1
Cindy Kleine,1
Ciro Guerra,1
Claire Denis,3
Clark Johnson,1
Claude Barras,1
Claude Chabrol,1
Claudia Llosa,1
Claudia Myers,1
Clay Jeter,1
Clay Kaytis,1
Clay Staub,1
Clay Tweel,2
Clement Virgo,1
Clint Eastwood,3
Clio Barnard,1
Clive Barker,2
Clive Donner,1
Clive Saunders,1
Clive Tonge,1
"Clyde Bruckman,Buster Keaton",1
"Clyde Geronimi,Hamilton Luske,Wolfgang Reitherman",1
"Clyde Geronimi,Wilfred Jackson,Jack Kinney,Hamilton Luske",1
Cody Calahan,1
Col Spector,1
Colette Burson,1
Coley Sohn,1
Colin Eggleston,1
"Colin Minihan,Stuart Ortiz,The Vicious Brothers",1
Colm McCarthy,1
Conrad Jackson,1
"Constance Marks,Philip Shane",1
Corinna McFarlane,1
Cory Bowles,1
Courteney Cox,1
Craig Anderson,1
Craig Brewer,4
Craig Gillespie,3
Craig Goodwill,1
Craig Johnson,2
Craig Monahan,1
Craig Moss,1
Craig Roberts,1
Craig Rosenberg,1
Craig Scott Rosebraugh,1
Craig Teper,1
Craig Zisk,1
Cristi Puiu,1
Cristian Mungiu,1
"Cristina Costantini,Darren Foster",1
Crystal Moselle,1
Cullen Hoback,1
Curt Siodmak,1
Curtis Hanson,2
Curtis Harrington,2
Cynthia Hill,1
"Cyril Dion,Mélanie Laurent",1
Cyril Frankel,1
Cédric Jimenez,1
Cédric Klapisch,1
Céline Sciamma,1
"César Charlone,Enrique Fernández",1
D.W. Griffith,5
D.W. Young,1
Daina Reid,1
Damian Harris,1
Damian Nieman,1
Damien Dante Wayans,1
Damien Leone,1
Damon Cardasis,1
Damon Gameau,1
"Dan Berk,Robert Olsen",1
Dan Bush,3
Dan Curtis,1
"Dan DeVivo,Joseph Mathew",1
Dan Fogelman,2
Dan Forrer,1
Dan Gilroy,1
Dan Gregor,1
Dan Harris,1
Dan Hayes,1
Dan Ireland,1
Dan Krauss,1
"Dan Kwan,Daniel Scheinert",1
Dan Mirvish,1
Dan O'Bannon,1
Dan Pritzker,1
Dan Scanlon,2
Dana Lustig,1
Dani Menkin,1
Danial Donai,1
Daniel Alfredson,2
Daniel Barber,2
Daniel Benmayor,1
Daniel Calparsoro,2
Daniel Duran,1
Daniel Espinosa,1
Daniel Farrands,1
Daniel Goldhaber,1
Daniel Gray Longino,1
Daniel J. Clark,1
Daniel Kokotajlo,1
Daniel Lee,1
"Daniel Lindsay,T.J. Martin",2
Daniel MacIvor,1
Daniel Monzón,1
Daniel Park,1
Daniel Patrick Carbone,1
Daniel Raim,1
Daniel Sackheim,1
Daniel Stamm,1
Daniel Stern,1
Daniel Wolfe,1
Daniel Zelik Berk,1
Danièle Thompson,1
Danny Boyle,3
Danny Green,1
Danny Leiner,1
Danny Mooney,1
Danny O'Connor,1
"Danny Pang,Oxide Chun Pang",1
Danny Provenzano,1
Dante Ariola,1
Dante Lam,2
Dario Argento,4
"Dario Argento,George A. Romero",1
Darnell Martin,1
Darragh Byrne,1
Darrell Roodt,1
"Darrell Rooney,Jeannine Roussel",1
"Darrell Rooney,Rob LaDuca",1
Darren Aronofsky,1
"Darren Grodsky,Danny Jacobs",1
Darren Lynn Bousman,3
"Darren Lynn Bousman,Axelle Carolyn,Adam Gierasch,Andrew Kasch,Neil Marshall,Lucky McKee,Mike Mendez,Dave Parker,Ryan Schifrin,John Skipp,Paul Solet",1
Darren Stein,1
Dash Shaw,1
Dava Whisenant,1
Dave Green,1
"David Alonso,Enrique Gato",1
"David Alvarado,Jason Sussberg",1
"David Amito,Michael Laicini",1
David Ayer,4
"David Benioff,D.B. Weiss",1
"David Beton,James Nunn",1
David Breashears,1
David Bruckner,1
David Burkman,1
David Burris,1
"David Butler,John Ford",1
David Caffrey,1
David Cronenberg,5
"David Deschamps,Leslie D. Farrell,Bennett Singer",1
David Devine,1
David Dhawan,1
David Duchovny,1
David E. Talbert,1
David Fairhead,1
"David Farrier,Dylan Reeve",1
David Fincher,4
David Flatman,1
David France,1
David Gelb,1
David Gleeson,1
David Gordon Green,2
David Greenwalt,1
David Gregory,1
David Grossman,1
David Guy Levy,1
David Hartman,1
David Heinz,1
David Howard,1
David Jacobson,1
David Keating,2
David Koepp,1
"David Krentz,Erik Nelson,David E. Duncan",1
David L. Cunningham,1
David L.G. Hughes,2
David Lee Miller,1
David Leon,1
David Leveaux,1
David Lowery,2
David Lynch,2
David M. Rosenthal,1
David Mackenzie,6
David Mamet,2
David Michôd,3
David Mickey Evans,2
David Miller,1
David Mirkin,1
"David Morris,Jacqui Morris",1
David Nath,1
"David Nixon,Patrick Doughtie",1
David O. Russell,2
David Oelhoffen,1
"David Palmer,Dax Shepard",1
"David Pastor,Àlex Pastor",3
David R. Ellis,4
David Raymond,1
David Raynr,1
"David Redmon,Ashley Sabin",1
David Robert Mitchell,2
David Ross,1
David Russo,1
David Rühm,1
David S. Ward,1
David Salle,1
"David Salzberg,Christian Tureaud",1
David Schisgall,1
David Silverman,1
David Sington,1
"David Sington,Heather Walsh",1
David Slade,1
David Smith,1
David Soren,1
David Stevens,1
David Swift,1
"David T. Friendly,Mick Partridge",1
David Thorpe,1
David Wain,1
"David Weissman,Bill Weber",1
David Wnendt,1
David Worth,1
David Yates,1
"David Zellner,Nathan Zellner",1
David Zucker,4
Davis Guggenheim,2
Dawn Porter,1
Dean Craig,1
Dean Cundey,1
Dean DeBlois,1
"Dean DeBlois,Chris Sanders",1
Dean Devlin,1
Dean Parisot,1
Dean Wright,1
Deborah Chow,2
Deborah Haywood,1
Deborah S. Esquenazi,1
Debra Granik,1
Dee Rees,2
Deepak Rauniyar,1
Del Shores,3
Delmer Daves,1
Demetri Martin,1
Denis Henry Hennelly,1
Denis Sanders,1
Denis Villeneuve,2
Deniz Gamze Ergüven,1
Dennie Gordon,2
Dennis Hopper,1
Denys Arcand,2
Deon Taylor,2
Derek Cianfrance,1
Derek Dennis Herbert,1
Derick Martini,1
Derrick Borte,1
Des Doyle,1
Destin Daniel Cretton,1
Devashish Makhija,1
Dharmendra Suresh Desai,1
"Diane Crespo,Stefan C. Schaefer",1
"Dianna Agron,Peter Chelsom,Claus Clausen,Fernando Eimbcke,Justin Franklin,Dennis Gansel,Dani Levy,Daniel Lwowski,Stephanie Martin,Josef Rusnak,Til Schweiger,Massy Tadjedin,Gabriela Tscherniak",1
Dianne Dreyer,1
Dick Maas,2
Dictynna Hood,1
Diego Hallivis,1
Diego Luna,2
Dietrich Brüggemann,1
Dilip Mehta,1
Dimitri Logothetis,1
Dinesh Vijan,1
Director X.,1
Dirk Simon,1
Dito Montiel,1
Dmitrii Kalashnikov,1
Dome Karukoski,1
Dominic Cooke,1
Dominic Gill,1
Dominic Savage,1
Dominic Sena,1
Dominik Graf,1
"Dominique Abel,Fiona Gordon",1
Dominique Rocher,1
"Don Argott,Sheena M. Joyce",1
"Don Bluth,Gary Goldman",3
"Don Bluth,Gary Goldman,Dan Kuenster",1
Don Chaffey,1
Don Coscarelli,2
Don Hahn,1
"Don Hall,Chris Williams",1
Don Mancini,1
Don McKellar,1
Don Michael Paul,1
Don Roos,1
Don Sharp,1
Don Siegel,1
Don Weis,1
"Donal Mosher,Michael Palmieri",1
Donald Cammell,1
Donald Petrie,2
Donovan Cook,1
Dorie Barton,1
"Doron Paz,Yoav Paz",1
"Dorota Kobiela,Hugh Welchman",1
Doug Lefler,1
Doug Liman,2
Doug Pray,2
Doug Walker,1
Douglas Cheek,1
Douglas McCarthy,1
Douglas McGrath,1
Drake Doremus,3
Drew Barrymore,1
Drew Goddard,1
Dror Zahavi,1
Dru Brown,1
Duane Journey,1
"Dudley Murphy,William C. de Mille",1
Duncan Jones,2
Duncan Skiles,1
Dusan Makavejev,1
Dustin Hoffman,1
Duwayne Dunham,3
Dwight H. Little,2
Dylan Baker,1
"Dylan Bank,Daniel DiMauro,Morgan Pehme",1
Dylan Brown,1
Dylan Mohan Gray,1
E.L. Katz,1
Ed Gass-Donnelly,2
Ed Perkins,1
Eddie Mensore,1
Eddie Mullins,1
Edgar G. Ulmer,2
"Edgar G. Ulmer,Douglas Sirk",1
Edgar Wright,1
Edmon Roch,1
Edoardo Ponti,1
Edward Burns,1
Edward D. Wood Jr.,4
Edward Dmytryk,1
"Edward Dmytryk,Irving Reis",1
"Edward McHenry,Rory McHenry",1
Edward Zwick,5
Eileen Yaghoobian,1
Eitan Arrusi,1
Ekachai Uekrongtham,1
Elaine Constantine,1
Elaine McMillion Sheldon,1
"Eli B. Despres,Kim Roberts",1
Eli Craig,2
Eli Roth,2
Elia Suleiman,1
Elie Wajeman,1
Elijah Bynum,1
Elijah Drenner,2
Elisabeth Vogler,1
Elite Zexer,1
Eliza Hittman,2
"Elizabeth Banks,Steven Brill,Steve Carr,Rusty Cundieff,James Duffy,Griffin Dunne,Peter Farrelly,Patrik Forsberg,Will Graham,James Gunn,Brett Ratner,Jonathan van Tulleken,Bob Odenkirk",2
Elizabeth Chomko,1
Elizabeth Wood,1
Elle Callahan,1
"Ellen Hovde,Albert Maysles,David Maysles,Muffie Meyer",1
Elliot Hegarty,1
Elliot Silverstein,1
Elliott Nugent,1
"Elmer Clifton,Ida Lupino",1
Elva NelsonHayes,1
Elvira Lind,1
Emanuel Hoss-Desmarais,2
Emile Ardolino,2
Emilio Aragón,1
Emilio Martínez Lázaro,1
Emily James,1
Emily Ting,1
Emma Franz,1
Emmanuel Carrère,1
Emmanuel Finkiel,1
Emmanuel Mouret,1
Emmett Alston,1
Er Cheng,1
Eran Creevy,1
Eran Kolirin,1
Eran Riklis,1
Eric Brevig,1
Eric D. Howell,1
"Eric Darnell,Tim Johnson",1
"Eric Darnell,Tom McGrath",1
Eric England,1
Eric Forsberg,1
Eric Guirado,1
Eric Khoo,1
Eric Lavaine,1
"Eric Leighton,Ralph Zondag",1
Eric Notarnicola,1
Eric Small,1
Eric Stoltz,1
Eric Styles,2
Eric Till,1
Ericson Core,1
Erik Canuel,1
Erik Gandini,1
Erik Ljung,1
Erik Matti,1
Erik Nelson,2
Erik Poppe,1
Erik Sharkey,1
Eriq La Salle,1
Erlingur Thoroddsen,1
Ernesto Contreras,1
Ernesto Díaz Espinoza,1
Ernie Barbarash,4
Ernst Lubitsch,2
Eron Sheean,1
Errol Morris,2
Eskil Vogt,1
Esteban Sapir,1
Estevan Oriol,1
"Ethan Coen,Joel Coen",5
Ethan Hawke,1
Ethan Wiley,1
Eugene Corr,1
Eugene Jarecki,1
Eugene Kotlyarenko,1
Eugenio Derbez,1
Euzhan Palcy,1
Eva Husson,1
Eva Orner,1
Eva Trobisch,1
Eva Vives,1
Evan Glodell,1
"Evan Goldberg,Seth Rogen",1
Everardo Gout,1
Evgeny Afineevsky,2
F. Gary Gray,1
F.W. Murnau,1
Fab 5 Freddy,1
"Fabio Guaglione,Fabio Resinaro",1
Fabrice du Welz,2
Fabrizio Conte,1
Famke Janssen,1
Farah Khan,2
Faruk Aksoy,1
Fatih Akin,1
"Fatih Akin,Yvan Attal,Randall Balsmeyer,Allen Hughes,Shunji Iwai,Wen Jiang,Shekhar Kapur,Joshua Marston,Mira Nair,Natalie Portman,Brett Ratner",1
Federico D'Alessandro,1
Federico Fellini,2
Federico Veiroj,2
Fedor Bondarchuk,1
Felipe Bragança,1
Felix Thompson,1
Felix van Groeningen,2
"Fenton Bailey,Randy Barbato",1
Ferenc Török,1
Fernando Coimbra,1
Fernando Eimbcke,1
Fernando González Molina,2
Fernando Lebrija,1
Fernando León de Aranoa,1
Fernando Meirelles,1
Fielder Cook,1
Fisher Stevens,1
Fletcher Markle,1
Florent-Emilio Siri,1
Floria Sigismondi,1
Florian Gallenberger,1
Florian Habicht,1
Florian Henckel von Donnersmarck,1
Florin Serban,1
Forest Whitaker,1
Fran Strine,1
"Francesco Cinquemani,George Gallo",1
Francesco Lettieri,1
Francesco Munzi,1
Francesco Patierno,1
Francis Ford Coppola,5
Francis Glebas,1
Francis dela Torre,1
Francisco Vargas,1
Franck Ribière,1
Frank Borzage,1
Frank Capra,2
Frank Coraci,2
Frank Darabont,1
Frank Harper,1
Frank Marshall,1
"Frank Miller,Robert Rodriguez,Quentin Tarantino",1
Frank Nissen,2
Frank Oz,2
Frank Perry,2
Frank Pierson,1
Frank Powell,1
Frank R. Strayer,1
Frank Whaley,1
Franklin J. Schaffner,1
Franny Armstrong,1
Frant Gwo,1
François Ozon,2
"François Simard,Anouk Whissell,Yoann-Karl Whissell",1
Fred Dekker,1
Fred Durst,2
Fred Schepisi,2
Fred Walton,1
Fred Wolf,1
Freddie Francis,3
Frederick Wiseman,1
Fredrik Bond,1
Fritz Böhm,1
Fritz Kiersch,2
Fritz Lang,1
Fro Rojas,1
"Fruit Chan,Takashi Miike,Chan-wook Park",1
Frédéric Tcheng,1
Fumihiko Sori,1
Gabe Ibáñez,1
Gabe Polsky,1
Gabe Torres,1
"Gabriel Clarke,Torquil Jones",1
Gabriel Cowan,1
Gabriela Cowperthwaite,2
Gabriele Mainetti,1
Gabriele Muccino,1
Gaby Dellal,1
Galder Gaztelu-Urrutia,1
Galt Niederhoffer,1
Gareth Carrivick,1
Gareth Edwards,2
Gareth Evans,2
Gareth Lewis,1
Garrett Batty,1
Garrett Zevgetis,1
Garry Marshall,5
Gary Chapman,1
Gary Entin,1
Gary Fleder,1
Gary J. Tunnicliffe,1
Gary Lundgren,1
Gary Michael Schultz,1
Gary Nelson,1
Gary Sherman,1
"Gary Trousdale,Kirk Wise",2
Gary Winick,1
Gaspar Noé,1
Gastón Duprat,1
"Gastón Duprat,Mariano Cohn",1
Gauravv K. Chawla,1
Gauri Shinde,1
Gavin Fitzgerald,1
Gavin Millar,1
Gavin O'Connor,3
Gaylen Ross,1
"Geeta Patel,Ravi Patel",1
Gene Graham,1
Genndy Tartakovsky,1
Geoffrey Fletcher,1
"Geoffrey Orthwein,Andrew Sullivan",1
Geoffrey Sax,1
Geoffrey Smith,1
Georg Wilhelm Pabst,1
George A. Romero,3
George Butler,1
George C. Wolfe,1
George Casey,1
George Cukor,1
George Gallo,3
George Hickenlooper,5
George Lucas,3
George P. Cosmatos,1
George Ratliff,1
George Scribner,1
George Seaton,1
George Stevens,2
"George Stevens,David Lean,Jean Negulesco",1
George Tillman Jr.,1
Georges Hachem,1
Georges Méliès,1
Georgina Garcia Riedel,1
Gerald Fox,1
Gerald Kargl,1
Gerard Barrett,1
Gerard McMurray,1
Gerardo Olivares,1
Gia Coppola,1
Gianni Di Gregorio,2
Gideon Raff,1
Gil Kenan,1
Gille Klabin,1
Gilles Paquet-Brenner,2
Gilles Penso,1
Gilles de Maistre,1
Gillian Armstrong,1
Gillian Grisman,1
Gillian Robespierre,3
Gillies MacKinnon,3
Gina Kim,1
Gina Prince-Bythewood,1
Gini Reticker,1
Giulio Petroni,1
Giuseppe Capotondi,1
Giuseppe Tornatore,1
Glenn Gaylord,1
Glenn Gers,1
Godfrey Cheshire,1
Gonzalo López-Gallego,3
Gordon Hessler,1
Gore Verbinski,6
Gorman Bechard,1
Grant Baldwin,1
Grant Scicluna,1
Grant Sputore,1
"Grayson Moore,Aidan Shipley",1
Greg Barker,3
Greg Berlanti,1
Greg Campbell,1
Greg Kwedar,1
Greg MacGillivray,2
Greg McLean,1
Greg Mottola,1
"Greg Palast,David Ambrose",1
Greg Whiteley,2
Gregor Jordan,1
Gregori Viens,2
Gregory Caruso,1
Gregory Hatanaka,1
Gregory La Cava,1
Gregory Marquette,1
Gregory Widen,1
Greta Gerwig,1
Greta Schiller,1
Greydon Clark,1
Griffin Dunne,1
Guillermo del Toro,1
Gurinder Chadha,2
Guru Dutt,1
Gurvinder Singh,1
Gus Van Sant,5
Gustav Machatý,1
Gustav Möller,1
Gustavo Hernández,1
Gustavo Taretto,1
Guy Browning,1
Guy Hamilton,2
"Guy Maddin,Evan Johnson",1
Guy Nattiv,1
Guy Ritchie,1
Guy-Roger Duvert,1
Guðmundur Arnar Guðmundsson,1
Gérard Pirès,1
H. Bruce Humberstone,1
Hadi Hajaig,1
"Hae Young Jung,Young Kyun Park,Jhonen Vasquez",1
Hae-Young Lee,1
Hafsteinn Gunnar Sigurðsson,1
Haifaa Al-Mansour,2
Hal Ashby,1
Hal Walker,1
Hallie Meyers-Shyer,1
Han Han,1
Hank Rogerson,1
Hannah Fidell,2
Hannes Holm,1
Hans Canosa,1
Hans Herbots,1
Hans Petter Moland,1
Hao Wu,1
Hao Zhou,1
"Haoling Li,Yoshitaka Takeuch,Xiaoxing Yi",1
Harald Zwart,2
Hari Sama,1
Haritz Zubillaga,1
Hark Tsui,3
Harley Cokeliss,2
Harmony Korine,1
Harold Becker,1
Harold Cronk,2
Harold Crooks,1
Harold Guskin,1
Harold Ramis,1
Harris Doran,1
Harris Goldberg,1
Harrison Atkins,1
"Harry Elfont,Deborah Kaplan",2
Harry Kümel,1
Harry Winer,1
Harshavardhan Kulkarni,1
Harvey Glazer,1
Hatem Khraiche,1
Havana Marking,1
Hayao Miyazaki,1
Heather Graham,1
Heather Lenz,1
Heather Rae,1
"Heidi Brandenburg,Mathew Orzel",1
"Heidi Ewing,Rachel Grady",2
Helena Bergström,1
Helene Hegemann,1
"Hendel Butoy,Mike Gabriel",1
Henri-Georges Clouzot,1
Henrik Ruben Genz,1
"Henry Alex Rubin,Dana Adam Shapiro",1
Henry Cornelius,1
Henry Dunham,1
Henry Hathaway,1
Henry Jaglom,5
"Henry Joost,Ariel Schulman",2
"Henry King,Roy Ward Baker",1
Henry Koster,2
Henry Selick,2
Hepi Mita,1
Herb Freed,1
Herbert J. Biberman,1
Herk Harvey,1
Herman Yau,1
Herschel Faber,1
"Hideaki Anno,Kazuya Tsurumaki",1
Hikari,1
"Hilla Medalia,Shosh Shlam",1
Hiro Murai,1
Hirokazu Koreeda,3
"Hiromasa Yonebayashi,Giles New",1
"Hiroshi Aoyama,Kazumi Fukushima,Jim Stenstrum",1
Hiroshi Katagiri,1
Hiroyuki Okiura,1
Hiroyuki Seshita,1
Hlynur Palmason,1
Ho-Cheung Pang,1
Holger Tappe,1
Hong-jin Na,2
Hope Dickson Leach,1
Houda Benyamina,1
Howard Deutch,3
Howard Goldberg,1
Howard Hawks,2
"Howard Hughes,Howard Hawks",1
Howard R. Cohen,1
Howard Zieff,1
Howy Parkins,1
Hoyt Yeatman,1
Hsiao-Hsien Hou,1
Hsin-yao Huang,1
Hu Guan,1
"Huck Botko,Andrew Gurland",1
Hugh Wilson,1
Hun Jang,1
"Hunter Hill,Perry Moore",1
Hèctor Hernández Vicens,1
"Hélène Cattet,Bruno Forzani",1
"Iain Forsyth,Jane Pollard",1
"Ian Bonhôte,Peter Ettedgui",1
Ian Cheney,1
"Ian Daniel,Ellen Page",1
Ian Edelman,1
Ian Fitzgibbon,1
Ian MacAllister McDonald,1
Ian Samuels,1
"Ice-T,Andy Baybutt",1
Icíar Bollaín,1
Ida Lupino,1
Idris Elba,1
Ignacio Ferreras,1
"Igor Kovalyov,Norton Virgien",1
Ildikó Enyedi,1
Ilinca Calugareanu,1
"Ilya Khrzhanovskiy,Jekaterina Oertel",1
Imtiaz Ali,4
Ingmar Bergman,1
Ingrid Jungermann,1
Ira Sachs,1
Iram Haq,1
Irvin Kershner,1
"Irving Pichel,Ernest B. Schoedsack",1
"Irving Pichel,Walter Lantz,Dick Lundy,Don Patterson,Paul J. Smith",1
Irwin Winkler,2
Isaac Florentine,1
Isaac Gabaeff,1
Isabel Coixet,2
Isamu Imakake,1
Isao Takahata,1
Ismael Rodríguez,1
Isold Uggadottir,1
Israel Adrián Caetano,2
Israel Luna,1
Ivan Kavanagh,2
Ivan Passer,2
Ivan Reitman,4
Ivan Sen,2
J. Davis,1
J.C. Chandor,2
J.C. Khoury,1
J.D. Dillard,1
J.J. Abrams,3
"J.J. Englert,Robert Krantz",1
J.P. Chan,1
J.P. Schaefer,1
Jack Baran,1
Jack Bryan,2
Jack C. Newell,1
Jack Clayton,1
Jack Donohue,1
Jack Fisk,1
Jack Gold,2
Jack Heller,1
Jack Hill,3
"Jack Kinney,Hamilton Luske,William Morgan,Bill Roberts",1
Jack Nicholson,1
Jack Perez,2
Jack Zagha Kababie,1
Jackson Stewart,1
Jaco Van Dormael,1
Jacob Kornbluth,1
Jacob Tierney,1
Jacob Vaughan,1
Jacques Audiard,1
Jacques Deray,1
"Jacques Perrin,Jacques Cluzaud",1
Jacques Rivette,1
Jacques Tourneur,1
Jake Goldberger,2
Jake Mahaffy,1
Jake Paltrow,1
Jake Schreier,1
Jake Scott,1
Jake Szymanski,1
Jalmari Helander,1
"James Algar,Clyde Geronimi,Jack Kinney",1
"James Algar,Gaëtan Brizzi,Paul Brizzi,Hendel Butoy,Francis Glebas,Eric Goldberg,Don Hahn,Pixote Hunt",1
"James Algar,Samuel Armstrong,David Hand,Graham Heid,Bill Roberts,Paul Satterfield,Norman Wright,Arthur Davis,Clyde Geronimi",1
"James Algar,Samuel Armstrong,Ford Beebe Jr.,Norman Ferguson,David Hand,Jim Handley,T. Hee,Wilfred Jackson,Hamilton Luske,Bill Roberts,Paul Satterfield,Ben Sharpsteen",1
James Bird,1
James Bobin,1
James Bridges,1
"James Cameron,Steven Quale",1
"James Cruze,Erich von Stroheim",1
James Cullen Bressack,1
James Cullingham,1
James Dearden,1
James E. Duff,1
James Edward Grant,1
James Erskine,1
James Franco,6
James Frawley,1
James Gardner,1
James Gray,3
James Griffiths,1
James Gunn,2
James Ivory,1
James Kerwin,1
James L. Brooks,2
James Landis,1
James Lapine,1
"James Lebrecht,Nicole Newnham",1
James Mangold,1
James Mark,1
James Marsh,2
James McTeigue,1
James Morrison,1
James Neilson,1
James Nguyen,1
James Ojala,1
James Ponsoldt,3
James Rasin,1
James Roday,1
James Sbardellati,1
James Steven Sadwith,1
James Toback,1
James Wan,2
James Ward Byrkit,1
James Watkins,2
James Wong,2
James Yukich,1
Jamie Babbit,2
Jamie Jones,1
Jamie Linden,1
Jamie M. Dagg,1
Jamin Winans,1
Jan Kounen,1
Jan-Ole Gerster,1
Jane Campion,1
Jane Weinstock,1
Janice Engel,1
Janicza Bravo,1
Janina Quint,1
Janus Metz,1
Jared Hess,2
"Jared Martin,Robert Mrazek",1
Jared Moshe,1
Jared Stern,1
Jason Alexander,1
Jason Bloom,1
Jason Cabell,1
"Jason Cohn,Bill Jersey",1
Jason DaSilva,1
Jason DeVan,1
Jason Headley,1
Jason James,1
Jason Krawczyk,1
"Jason Kwan,Jing Wong,Aman Chang",1
Jason Lei Howden,1
Jason Orley,2
Jason Reitman,2
Jason Rosette,1
Jason Spingarn-Koff,1
Jason Stone,2
Jason Strouse,1
Jason Todd Ipson,1
Jason Wise,2
Jaume Collet-Serra,1
Javier Ruiz Caldera,1
Jay Alaimo,1
Jay Baruchel,1
Jay Chandrasekhar,1
Jay Chapman,1
Jay Craven,2
Jay Dockendorf,1
"Jay Duplass,Mark Duplass",1
Jay Karas,3
Jay Roach,8
Jay Russell,1
Jaymes Thompson,1
Je-kyu Kang,1
Jean Negulesco,1
Jean Renoir,2
Jean Yarbrough,1
Jean-Baptiste Andrea,1
Jean-Christophe Jeauffre,1
Jean-François Richet,1
Jean-Jacques Annaud,1
"Jean-Loup Felicioli,Alain Gagnol",1
Jean-Marc Vallée,1
Jean-Paul Rappeneau,1
Jean-Pierre Jeunet,1
Jean-Pierre Limosin,1
Jean-Pierre Melville,1
Jean-Stéphane Sauvaire,1
Jeannie Gaffigan,1
Jeb Stuart,2
Jed Rothstein,1
"Jedd Wider,Todd Wider",1
Jee-woon Kim,4
Jeff Baena,4
Jeff Blyth,1
Jeff Cassidy,1
Jeff Chan,1
"Jeff Chan,Andrew Rhymer",1
Jeff Daniels,2
Jeff Feuerzeig,1
Jeff Franklin,1
"Jeff Gillen,Alan Ormsby",1
"Jeff Malmberg,Chris Shellen",1
Jeff Margolis,1
Jeff Nichols,2
Jeff Orlowski,1
Jeff Pollack,1
Jeff Preiss,1
Jeff Tremaine,2
Jeff Unay,1
Jeff Warrick,1
Jeffrey D. Brown,1
Jeffrey Donovan,1
Jeffrey Hornaday,1
Jeffrey Radice,1
Jeffrey Schwarz,3
Jeffrey St. Jules,1
Jeffrey Walker,2
"Jen Soska,Sylvia Soska",1
Jenna Cato Bass,1
Jenna Laurenzo,1
"Jenner Furst,Julia Willoughby Nason",1
Jennifer Baichwal,1
"Jennifer Baichwal,Edward Burtynsky",1
"Jennifer Baichwal,Nicholas de Pencier",1
Jennifer Gerber,1
Jennifer Kaytin Robinson,1
Jennifer Kent,1
Jennifer M. Kroot,1
Jennifer Peedom,1
Jennifer Phang,1
Jennifer Reeder,1
Jennifer Westfeldt,1
Jennifer Yuh Nelson,1
Jenny Gage,2
Jeong-beom Lee,2
Jeppe Rønde,1
Jeremiah S. Chechik,1
Jeremiah Zagar,2
"Jeremy Coon,Tim Skousen",1
"Jeremy Degruson,Ben Stassen",1
"Jeremy Degruson,Ben Stassen,Mimi Maynard",1
Jeremy Gardner,1
Jeremy Gosch,1
Jeremy Haft,1
Jeremy Kagan,1
Jeremy Kenyon Lockyer Corbell,1
Jeremy Leven,1
Jeremy O'Keefe,1
Jeremy Podeswa,1
Jeremy Rush,1
"Jeremy S. Levine,Landon Van Soest",1
Jeremy Saulnier,4
Jeremy Sims,2
Jeremy Snead,1
Jeremy Workman,1
Jerrold Tarog,1
Jerry Lewis,2
Jerry London,1
Jerry Rothwell,1
Jerry Zucker,1
Jerzy Skolimowski,3
Jesper Ganslandt,1
Jesse Dylan,1
"Jesse Holland,Andy Mitton",1
Jesse Peretz,2
Jesse V. Johnson,3
Jesse Zwick,1
Jessica Habie,1
Jessica Hausner,1
Jessica M. Thompson,1
Jessica Yu,1
Jessie Nelson,1
Jessy Terrero,1
Jesús Franco,2
Jesús Garay,1
Jeta Amata,1
Ji-hoon Kim,1
"Jill Bauer,Ronna Gradus",1
"Jill Culton,Todd Wilderman",1
Jill Soloway,1
Jillian Schlesinger,1
Jim Abrahams,1
"Jim Abrahams,David Zucker,Jerry Zucker",1
"Jim Brown,Gary Burns",1
Jim Cummings,1
Jim Fall,1
Jim Field Smith,1
Jim Hemphill,2
Jim Henson,2
Jim Hosking,1
Jim Hubbard,1
Jim Jarmusch,2
Jim Kammerud,1
"Jim Kammerud,Brian Smith",2
Jim McBride,1
Jim Mickle,3
Jim O'Hanlon,1
Jim Sheridan,1
Jim Strouse,1
Jim Wynorski,2
"Jimmy Chin,Elizabeth Chai Vasarhelyi",2
Jimmy Hayward,1
"Jimmy Hayward,Steve Martino",1
Jimmy Henderson,1
Jimmy Huston,1
Jimmy Loweree,1
"Jimmy T. Murakami,Roger Corman",1
Jing Wu,1
Joachim Rønning,1
"Joachim Rønning,Espen Sandberg",1
Joachim Trier,2
Joan Carr-Wiggin,1
Joan Kron,1
Joanna Hogg,3
"Jocelyn DeBoer,Dawn Luebbe",1
Jocelyn Moorhouse,1
Jocelyn Towne,1
Jodie Foster,1
Jodie Markell,1
Jody Hill,2
Jody Lee Lipes,1
Jody Shapiro,1
Joe Begos,1
Joe Berlinger,3
"Joe Berlinger,Bruce Sinofsky",3
Joe Camp,2
"Joe Cross,Kurt Engfehr",1
Joe Dante,1
"Joe Dante,Eric Goldberg",1
"Joe Dietsch,Louie Gibson",1
Joe Giannone,1
Joe Johnston,3
Joe Lynch,1
Joe Maggio,1
Joe Manganiello,1
Joe Mantegna,1
"Joe Murray,Cosmo Segurson",1
Joe Nussbaum,2
"Joe Pearlman,David Soutar",1
Joe Penna,1
Joe Piscatella,1
Joe Robert Cole,1
Joe Stephenson,1
Joe Swanberg,3
Joe Talbot,1
Joe Wright,1
"Joel Gallen,Tig Notaro",1
Joel Heath,1
Joel Oliansky,1
Joel Potrykus,2
Joel Schumacher,2
Joel Surnow,1
"Joey Figueroa,Zak Knutson",1
Joey Kuhn,1
Johanna Demetrakas,1
Johannes Roberts,3
John A. Davis,2
John Alan Simon,1
John Andreas Andersen,1
John Badham,2
John Borowski,1
"John Bruno,Ray Quint,Andrew Wight",1
John Burgess,1
John Butler,1
John Cameron Mitchell,1
John Carpenter,2
"John Carpenter,Tobe Hooper,Larry Sulkis",1
John Carroll Lynch,1
John Chester,1
John Cornell,1
John Cromwell,3
John Crowley,2
John Curran,1
John Daly,1
John De Bello,1
John Dower,1
John Duigan,4
John Elias Michalakis,1
"John Eng,Norton Virgien",1
John Erick Dowdle,2
John Fawcett,1
John Ford,2
John Fortenberry,1
John Frankenheimer,1
John Hardwick,1
John Harrison,1
John Hazlett,1
John Herzfeld,1
John Hillcoat,1
John Hough,3
John Huddles,1
John Hughes,1
John Huston,3
John Hyams,1
John Irvin,3
"John Jarratt,Kaarin Fairfax",1
John Kafka,1
John Kaye,1
John Krasinski,1
John Laing,1
John Landis,2
John Lasseter,1
"John Lasseter,Andrew Stanton",1
"John Lasseter,Ash Brannon,Lee Unkrich",1
"John Lasseter,Bradford Lewis",1
"John Lasseter,Joe Ranft",1
John Lee,1
John Lee Hancock,2
John Lemont,1
"John Lounsbery,Wolfgang Reitherman,Art Stevens",1
"John Lounsbery,Wolfgang Reitherman,Ben Sharpsteen",1
John Luessenhop,1
John Maclean,1
John Madden,1
John Magary,1
John Maringouin,1
John McPhail,1
John McTiernan,1
John Michael McDonagh,1
John Milius,2
John Moffitt,1
John N. Smith,1
John Pasquin,2
John Pogue,1
John Poliquin,1
John Polson,2
John Putch,1
John R. Leonetti,1
John Rich,1
John Ridley,1
John Sayles,5
John Scheinfeld,1
John Schlesinger,2
John Schultz,3
John Singleton,1
John Stevenson,1
John Stockwell,3
"John Stockwell,Paulette Victor-Lifton",1
John Suits,2
John Swanbeck,1
John Turturro,1
John V. Knowles,1
John V. Soto,1
John Walsh,1
John Waters,1
John Wayne,1
John Wells,1
John-Luke Montias,1
Johnnie To,2
Johnny Kevorkian,1
Johnny Martin,1
Jon Alpert,1
Jon Amiel,2
Jon Avnet,1
Jon Brewer,2
Jon Cvack,1
Jon Favreau,3
Jon Greenhalgh,1
Jon Gunn,1
"Jon Gunn,Brian Herzlinger,Brett Winn",1
Jon Harris,1
Jon J. Whelan,1
"Jon Knautz,Trevor Matthews",2
Jon Long,1
"Jon Lucas,Scott Moore",1
Jon M. Chu,1
Jon Manning,1
"Jon Olb,Madeleine Parry",1
Jon Poll,1
Jon Schnitzer,1
Jon Shear,1
Jon Shenk,1
Jon Strong,1
Jon Turteltaub,2
Jon Watts,1
Jon Wright,2
Jonah Hill,1
Jonas Åkerlund,4
Jonathan Berman,1
Jonathan Demme,4
Jonathan Frakes,1
Jonathan Gershfield,1
Jonathan Glazer,1
Jonathan Helpert,1
Jonathan Hensleigh,1
Jonathan Holiff,1
Jonathan Kaplan,1
Jonathan Kasdan,1
Jonathan Levine,2
Jonathan Liebesman,1
Jonathan Lim,1
Jonathan Lynn,1
"Jonathan Milott,Cary Murnion",1
Jonathan Mostow,2
Jonathan Newman,1
Jonathan Prince,1
Jonathan Smith,1
Jonathan Sobol,1
Jonathan Teplitzky,1
Jonathan Wacks,1
Jong-Yeol Baek,1
Jong-bin Yoon,1
Jong-hyun Kim,1
Jordan Blady,1
Jordan Rubin,1
Jordan Vogt-Roberts,1
Jordana Spiro,1
"Jorge Blanco,Javier Abad,Marcos Martínez",1
Jorge Grau,1
Joseph Cedar,1
Joseph Cross,1
"Joseph Frank,Zachary Reed",1
Joseph Graham,1
Joseph Green,1
Joseph H. Lewis,1
Joseph Infantolino,1
Joseph Kosinski,2
Joseph Losey,1
Joseph Mazzello,1
Joseph Ruben,1
Joseph Sargent,2
Joseph Zito,1
Josephine Decker,1
"Josh Barrett,Marc Menchaca",1
Josh C. Waller,1
Josh Cooley,1
Josh F. Huber,1
Josh Forbes,1
Josh Gilbert,1
Josh Greenbaum,3
Josh Johnson,1
Josh Lawson,1
Josh Locy,1
"Josh Lowell,Peter Mortimer",1
Josh Mendoza,1
Josh Mond,1
Josh Radnor,1
Josh Rubin,1
Josh Schwartz,1
Joshua Logan,2
Joshua Marston,1
Joshua Oppenheimer,1
"Joshua Oppenheimer,Anonymous,Christine Cynn",1
Joshua Rous,1
Joshua Z Weinstein,1
Joss Whedon,2
José Luis Guerín,1
José Manuel Cravioto,1
José Pedro Lopes,1
Josée Dayan,1
Jota Linares,1
Joyce Bernal,1
Juan Carlos Fresnadillo,1
"Juan Carlos Maneglia,Tana Schémbori",1
Juan Carlos Medina,1
"Juan Pablo Rebella,Pablo Stoll",1
Juan Piquer Simón,1
Juan Solanas,2
Juanita Wilson,1
Judy Hecht Dumontet,1
Jules Dassin,2
Jules Stewart,1
Julia Dyer,1
Julia Hart,2
Julia Solomonoff,1
Julian Branciforte,1
Julian Fellowes,1
Julian Jarrold,2
Julie Anne Robinson,1
"Julie Cohen,Betsy West",1
Julie Delpy,1
Julien Nitzberg,1
Julien Temple,1
Julio Medem,1
Julio Quintana,1
Julio Soto Gurpide,1
Julius Avery,1
Julius Onah,2
Julius Ramsay,1
Jun Falkenstein,1
"Jun Falkenstein,Alex Mann,Bradley Raymond,Toby Shelton,Bill Speers",1
Justin Barber,1
"Justin Bare,Matthew Miele",1
"Justin Benson,Aaron Moorhead",2
Justin Chon,1
Justin Kelly,1
Justin Kurzel,1
Justin Lee,1
Justin McConnell,2
Justin Reardon,1
"Justin Schein,David Mehlman",1
Justin Schwarz,1
Justin Simien,1
Justin Trefgarne,1
Justin Zackham,1
"Juuso Laatio,Jukka Vidgren",1
János Edelényi,1
Jérémy Clapin,1
Jérôme Bonnell,1
Kabir Khan,1
Kamal Ahmed,1
Kanu Behl,1
Kar-Wai Wong,2
Karan Johar,3
Karen Leigh Hopkins,1
Karen Moncrieff,2
Karey Kirkpatrick,1
"Karim Amer,Jehane Noujaim",1
Karim Aïnouz,1
Karl Geurs,1
Karthik Subbaraj,1
Karyn Kusama,3
Kasper Barfoed,1
Kasper Collin,1
Kasra Farahani,1
Kat Coiro,1
Kate Barker-Froyland,1
Kate Hickey,1
Kate Montgomery,1
Kate Novack,1
Katherine Dieckmann,1
"Katherine Fairfax Wright,Malika Zouhali-Worrall",1
Kathleen Hepburn,1
"Kathleen Hepburn,Elle-Máijá Tailfeathers",1
Kathryn Bigelow,2
"Kathryn Bigelow,Monty Montgomery",1
Katie Aselton,2
"Katie Graham,Andrew Matthews",1
"Katie Green,Carlye Rubin",1
Katja von Garnier,1
Katsuhiro Ôtomo,1
"Katy Chevigny,Ross Kauffman",1
Kavi Raz,1
Kazuya Shiraishi,1
Keanu Reeves,1
Keenen Ivory Wayans,1
Kees Van Oostrum,1
"Keiichi Hara,Stephanie Sheh,Michael Sinterniklaas",1
Keir Burrows,1
Keith Arem,1
Keith Melton,1
"Keith Scholey,Alastair Fothergill",1
Kelly Asbury,1
"Kelly Asbury,Lorna Cook",1
"Kelly Daniela Norris,T.W. Pittman",1
Kelly Fremon Craig,1
Kelly Reichardt,3
Kelvin Tong,1
"Ken Burns,Sarah Burns,David McMahon",1
Ken Finkleman,1
Ken Hughes,2
Ken Kwapis,2
Ken Loach,2
Ken Marino,2
Ken Ochiai,1
Ken Scott,1
Kenneth A. Carlson,1
Kenneth Branagh,2
Kenneth Lonergan,2
Kenny Leon,1
Kenny Ortega,9
Kenny Riches,1
Kent Jones,1
"Kentucker Audley,Albert Birney",1
Kerem Sanga,1
Keren Yedaya,1
Kevan Funk,1
Keven McAlester,1
Kevin Asch,1
Kevin Billington,1
Kevin Bray,1
Kevin Connor,1
"Kevin Deters,Stevie Wermers",1
Kevin DiNovis,1
Kevin Fitzgerald,1
"Kevin Goetz,Michael Goetz",1
Kevin Greutert,2
Kevin Hooks,2
Kevin Keating,1
"Kevin Kölsch,Dennis Widmyer",2
Kevin Lima,2
Kevin Macdonald,3
Kevin Mazur,1
Kevin McMullin,1
Kevin Phillips,1
"Kevin R. Adams,Joe Ksander,Ricardo Curtis",1
Kevin Rodney Sullivan,2
Kevin Smith,5
Kevin Tenney,1
Kevin Tent,1
Kevin Tostado,1
Kevin Willmott,1
Khoa Le,1
"Khurram H. Alavi,Ayman Jamal",1
Ki-duk Kim,1
"Kief Davidson,Richard Ladkani",1
Kieran Darcy-Smith,1
Kieran Evans,1
"Kieran Mulroney,Michele Mulroney",1
Kiké Maíllo,1
Kim Chapiron,1
Kim Farrant,2
Kimberly Peirce,1
Kimble Rendall,1
King Vidor,1
"Kinji Fukasaku,Sadao Nakajima,Jun'ya Satô",1
Kiran Rao,1
Kirby Dick,2
"Kirby Dick,Amy Ziering",1
Kirill Serebrennikov,1
"Kirk DeMicco,Chris Sanders",1
Kirsten Sheridan,1
Kirsten Tan,1
"Kirsty de Garis,Timothy Jolley",1
Kitty Green,1
Kiyoshi Kurosawa,2
Klaus Härö,1
Klay Hall,1
Klim Shipenko,1
Koki Shigeno,1
Koldo Serra,1
Konrad Begg,1
Koratala Siva,1
Kranti Kanadé,1
Kris Koenig,1
"Kris Pearn,Cory Evans,Rob Lodermeier",1
Kristian Levring,1
"Kristina Goolsby,Ashley York",1
"Kristina Grozeva,Petar Valchanov",1
Kristjan Thor,1
Kristoffer Nyholm,1
Kriv Stenders,2
Krzysztof Kieslowski,1
Kunal Kohli,2
Kunihiko Yuyama,1
Kuo-Fu Chen,1
Kurt Kuenne,1
Kurt Vincent,1
Kurt Voelker,1
Kurt Wimmer,1
Kwang-Hyun Park,1
Kyle Newacheck,2
Kyle Newman,1
Kyle Patrick Alvarez,1
Kyle Rideout,1
Kyle Wilamowski,1
Kyoko Miyake,1
Kyzza Terrazas,1
Laetitia Colombani,1
Lajos Koltai,1
"Lana Wachowski,Lilly Wachowski",4
Lana Wilson,1
Lance Bangs,2
Larry Charles,1
Larry Clark,3
Larry Cohen,2
"Larry Cohen,Fred Williamson",1
Larry David,1
Larry Fessenden,3
Larry Peerce,2
Larry Weinstein,1
Lars Klevberg,1
Lars von Trier,2
Larysa Kondracki,1
Laslo Benedek,1
Lasse Hallström,4
"Lasse Hallström,Joe Johnston",1
"Laura Alvea,Jose F. Ortuño",1
Laura Bialis,1
Laura Bispuri,1
Laura Brownson,1
"Laura Dunn,Jef Sewell",1
Laura Terruso,1
Lauren Greenfield,3
Lauren Miller Rogen,1
Laurent Bouhnik,1
Laurent Tirard,1
Laxman Utekar,1
Lea Thompson,1
Leah Wolchok,1
Lee Aronsohn,1
Lee Cronin,1
Lee Demarbre,1
Lee Fulkerson,1
Lee Harry,1
Lee Isaac Chung,2
Lee Kirk,1
Lee Tamahori,3
Lee Unkrich,1
"Lee Unkrich,Adrian Molina",1
Leena Pendharkar,1
Len Wiseman,2
Lena Khan,1
Lennart Ruff,1
Lenny Abrahamson,2
Leo Scherman,1
Leo Zhang,1
Leonard Nimoy,2
"Leonor Caraballo,Matteo Norzi",1
Les Mayfield,1
Lesley Chilcott,1
Leslie Greif,1
Leslie Iwerks,1
Leslie Small,1
"Leslie Small,Tim Story",3
Leslye Headland,1
Lewis Allen,1
Lewis Gilbert,1
Lewis Milestone,3
Lewis Teague,1
Liam Lynch,1
Liam O'Donnell,1
Lian Lunson,1
Lijo Jose Pellissery,1
Lily Zepeda,1
Lin Oeding,1
Linas Phillips,1
Linda Mendoza,1
"Linda Saffire,Adam Schlesinger",1
Lindsay Anderson,1
"Lisa Addario,Joe Syracuse",1
Lisa Azuelos,1
Lisa Brühlmann,1
Lisa D'Apolito,1
"Lisa Immordino Vreeland,Bent-Jorgen Perlmutt,Frédéric Tcheng",1
"Lisanne Pajot,James Swirsky",1
Liv Ullmann,1
Livi Zheng,1
Liz Garbus,2
Liz Plonka,1
Liza Johnson,1
Liza Mandelup,1
Lluís Quílez,1
Logan Sandler,1
Lone Scherfig,1
Lonny Price,1
Lorenzo DeStefano,1
Lori Petty,1
Lorna Tucker,1
"Lou Adler,Tommy Chong",1
Louie Psihoyos,1
Louie Schwartzberg,1
Louis C.K.,1
Louis J. Gasnier,1
Louis Malle,1
Louise Alston,1
Louise Archambault,1
Lowell Dean,1
Luc Jacquet,2
Luca Guadagnino,1
Lucas Belvaux,1
Luciano Moura,1
Lucio Fulci,3
Lucky McKee,2
"Lucky McKee,Chris Sivertson",1
Lucrecia Martel,1
Lucy Walker,1
Luigi Cozzi,1
Luis Buñuel,1
Luis Javier Henaine,1
Luis Puenzo,1
Luis Urquiza,1
Luis Valdez,1
Lukas Dhont,1
Lukas Feigelfeld,1
Luke Greenfield,1
Luke Moran,1
Luke Snellin,1
Luke Sparke,1
Lulu Wang,1
Lutz Hachmeister,1
Luv Ranjan,1
"Lydia Tenaglia,Morgan Fallon",1
Lynn Roth,1
Lynn Shelton,4
Lynne Ramsay,3
"Lyric R. Cabral,David Felix Sutcliffe",1
Léa Pool,1
M. Night Shyamalan,1
M.J. Bassett,2
Maclain Nelson,1
Macon Blair,1
"Madeleine Sami,Jackie van Beek",1
Madonna,1
Mads Brügger,1
Maggie Greenwald,1
Mahamat-Saleh Haroun,1
Mahmoud Sabbagh,1
Maksim Fadeev,1
Malcolm Venville,1
Malik Bader,1
Malik Bendjelloul,1
Malik Vitthal,1
Mandie Fletcher,1
Manfred Kirchheimer,1
Mangesh Hadawale,1
Mani Ratnam,2
Manuel Martín Cuenca,1
Mar Targarona,1
Marc Bauder,1
Marc Fafard,1
Marc Fienberg,1
Marc Forster,3
Marc Klasfeld,1
Marc Lawrence,1
Marc Meyers,1
Marc Rothemund,1
Marc Schölermann,1
Marc Singer,1
Marc Vigil,1
Marc Webb,1
Marcelo Gomes,1
Marcelo Machado,1
Marco Bellocchio,1
Marco Brambilla,1
Marco Schnabel,1
Marcus DeLeon,1
Marcus Dean Fuller,1
Marcus Dunstan,1
Marcus Raboy,2
Marek Kanievska,2
Maren Ade,1
Margaret Whitton,1
Margarethe von Trotta,2
Margarita Jimeno,1
Maria Pulera,1
Maria Ripoll,2
Maria Sole Tognazzi,1
Marianna Palka,1
Mario Bava,4
Mario Van Peebles,1
Marion Vernoux,1
Maris Curran,1
Marius Holst,1
Marja-Lewis Ryan,1
"Mark Andrews,Brenda Chapman,Steve Purcell",1
Mark Atkins,1
Mark Brokaw,1
Mark Christopher,1
Mark Cousins,1
Mark Craig,1
Mark Cullen,1
"Mark Dennis,Ben Foster",1
Mark Dindal,2
Mark Gill,1
Mark Goldblatt,1
Mark Grieco,1
Mark Herman,1
Mark Illsley,1
Mark Joffe,1
Mark Kemble,1
Mark Kendall,1
Mark Kidel,1
Mark L. Lester,1
Mark Levinson,1
"Mark Linfield,Alastair Fothergill",1
Mark Neveldine,1
"Mark Neveldine,Brian Taylor",1
Mark O'Connor,1
Mark Osborne,1
Mark Palansky,2
Mark Raso,1
"Mark Sandrich,Robert Allen",1
Mark Schmidt,1
Mark Simon Hewis,1
Mark Steven Johnson,1
Mark Tonderai,1
Mark Waters,3
Mark Webber,2
Mark Williams,1
Mark Young,1
Marko Mäkilaakso,1
Marshall Curry,2
Marshall Neilan,1
Marta Cunningham,1
Martha Coolidge,1
"Martha Shane,Lana Wilson",1
Martha Stephens,1
Marti Noxon,1
Martin Campbell,3
"Martin Davidson,Stephen Verona",1
Martin Donovan,1
Martin Koolhoven,1
Martin McDonagh,1
Martin Owen,1
Martin Provost,1
Martin Ritt,4
Martin Rosen,1
Martin Scorsese,6
Martina Kudlácek,1
Marty Callner,1
Marty Langford,1
Martín Hodara,1
Mary Dore,1
Mary Kerr,1
Mary Liz Thomson,1
Mary Mazzio,1
"Maryam Henein,George Langworthy",1
María Lidón,1
Masaaki Yuasa,1
Massimo Dallamano,1
Mat Whitecross,1
Matan Yair,1
Matej Minac,1
Mateo Gil,1
Mathieu Amalric,1
Mati Diop,1
"Matt Angel,Suzanne Coote",1
"Matt Checkowski,Kurt Mattila",1
Matt Cimber,1
Matt Dillon,1
Matt Johnson,1
Matt Palmer,1
Matt Piedmont,1
Matt Reeves,2
Matt Ross,2
Matt Ruskin,1
Matt Shakman,1
Matt Sobel,1
Matt Spicer,1
Matt Tyrnauer,1
Matt Wolf,2
Matteo Garrone,2
"Matthew Aeberhard,Leander Ward",1
Matthew Bate,1
"Matthew Bauckman,Jaret Belliveau",1
Matthew Bright,2
Matthew Broderick,1
Matthew Cooke,1
Matthew Dean Russell,1
Matthew Diamond,1
Matthew Heineman,2
Matthew Holness,1
Matthew Hope,1
Matthew J. Weiss,1
Matthew Miele,2
Matthew Ornstein,1
Matthew Porterfield,2
Matthew Robbins,1
Matthew Ross,2
Matthew Saville,1
Matthew Shoychet,1
Matthew Spradlin,1
Matthew Warchus,1
Matthew Weiner,1
Matthias Hoene,1
Maurice Joyce,1
"Mauro Carvalho,Thiago Cazado",1
"Max Giwa,Dania Pasquini",1
Max Joseph,1
Max Minghella,1
Max Nichols,1
Max Winkler,1
Maxime Giroux,1
Maya Forbes,1
Maya Kenig,1
McG,3
Megan Freels Johnston,1
Meghna Gulzar,1
Mel Brooks,1
Mel Gibson,2
Mel Smith,1
Mel Stuart,2
"Melvin Frank,Norman Panama",1
Menelik Shabazz,1
Meng Hua Ho,1
Meredith Danluck,1
"Merian C. Cooper,Ernest B. Schoedsack",1
Merland Hoxha,1
Mia Hansen-Løve,3
Michael Addis,1
"Michael Aimette,John G. Hofmann",1
Michael Almereyda,3
Michael Anderson,1
Michael Apted,4
Michael Axelgaard,1
Michael Bay,5
Michael Beach Nichols,1
Michael Blieden,1
Michael Carney,1
Michael Collins,2
Michael Crichton,1
Michael Cristofer,1
Michael Cuesta,2
Michael Curtiz,2
Michael Damian,1
Michael Dowse,3
"Michael Dwyer,Kaitlin McLaughlin",1
Michael Engler,1
Michael Fimognari,1
Michael Gornick,1
Michael Gottlieb,2
Michael Grodner,1
Michael Hoffman,2
Michael J. Weithorn,1
Michael James Johnson,1
Michael Keaton,1
Michael Knowles,1
"Michael LaBash,Tony Leondis",1
Michael Landon Jr.,2
Michael Laughlin,1
Michael Lehmann,2
Michael Lembeck,3
Michael Lindsay-Hogg,1
Michael Mabbott,1
Michael Mann,1
Michael Maren,1
Michael Mason,1
Michael Matthews,1
Michael McGowan,2
Michael Moore,3
Michael Morrissey,1
Michael Noer,1
Michael O. Sajbel,1
Michael Patrick King,1
Michael Paul Stephenson,2
Michael Perlman,1
Michael Petroni,1
Michael Polish,1
Michael Pressman,1
"Michael Rasmussen,Shawn Rasmussen",1
Michael Ray Rhodes,1
Michael Ritchie,1
Michael Rosenbaum,2
Michael Rossato-Bennett,1
Michael Seater,1
Michael Showalter,1
Michael Steiner,1
Michael Sucsy,1
Michael Thelin,1
Michael Tiddes,2
Michael Tolajian,1
Michael Traeger,1
Michael Tyburski,1
Michael Urie,1
Michael Walker,1
Michael Williams,1
Michael Wilson,1
Michael Winterbottom,2
Michal Marczak,1
Michaël R. Roskam,1
Michel Gondry,1
Michel Hazanavicius,1
"Michel Ocelot,Raymond Burlet",1
Michel Orion Scott,1
Michelangelo Antonioni,1
"Michelangelo Antonioni,Wim Wenders",1
Michele Soavi,1
Michèle Ohayon,1
Mick Jackson,3
Miguel Arteta,1
Miguel Cohan,1
Miguel Ángel Lamata,1
Mijke de Jong,1
Mika Kaurismäki,2
Mike Binder,3
Mike Clattenburg,1
Mike Disa,2
"Mike Diva,Akiva Schaffer",1
Mike Figgis,1
Mike Flanagan,4
"Mike Gabriel,Eric Goldberg",1
Mike Gan,1
Mike Judge,1
Mike Leigh,1
"Mike Lerner,Maxim Pozdorovkin",1
Mike Mendez,2
Mike Mills,1
Mike Newell,1
Mike Nichols,3
Mike P. Nelson,1
Mike Rohl,1
Mike Slee,1
Mike White,1
Mike Wiluan,1
Mike Woolf,1
Mikkel Nørgaard,2
Miles Brandman,1
Milind Dhaimade,1
Milind Rau,1
Milos Forman,1
Mimi Leder,3
Min-ho Woo,1
Mina Shum,1
Minhal Baig,1
Mira Nair,1
Mitch Davis,1
Mitch Dickman,1
Mitch Glazer,1
Mitchell Kezin,1
Mitchell Lichtenstein,1
Mitsuo Yanagimachi,1
Mitzi Peirone,1
"Mitzi Vanessa Arreola,Amir Galván Cervera",1
Mohamed Diab,1
Mohit Suri,1
Mohsen Makhmalbaf,1
Moisés Kaufman,1
Molly McGlynn,1
Monika Mitchell,1
Monte Hellman,2
Monty Miranda,1
Morgan J. Freeman,1
Morgan Matthews,2
Morgan Neville,3
Morgan Spurlock,1
"Motonori Sakakibara,Tetsuo Yajima,Kunihiko Yuyama",1
Mouly Surya,1
Moussa Touré,1
Mozez Singh,1
Mrighdeep Lamba,1
Mu Fei,1
Mélanie Laurent,1
Nacho G. Velilla,1
Nacho Vigalondo,1
Nadav Lapid,1
Nadeem Soumah,1
Nadine Labaki,1
Nag Ashwin,1
Nagesh Kukunoor,1
Nagraj Manjule,1
Nahnatchka Khan,1
Naina Sen,1
Namrata Singh Gujral,1
"Nana Ekvtimishvili,Simon Groß",1
Nancy Buirski,1
Nancy Kelly,1
Nancy Meckler,1
Nancy Meyers,1
Nancy Schwartzman,1
Nandita Das,1
Nanfu Wang,1
"Nanfu Wang,Jialing Zhang",1
Nanni Moretti,1
Naoko Yamada,1
Nash Edgerton,1
"Nat Faxon,Jim Rash",2
Natalia Leite,2
Natalie Portman,1
Natasha Kermani,1
"Nate Adams,Adam Carolla",1
Nate Taylor,1
Nathan Adloff,1
"Nathan Greno,Byron Howard",1
Nathan Morlando,1
Nathan Silver,1
Nati Baratz,1
Nattawut Poonpiriya,1
Nayan Padrai,1
Neal Brennan,1
Neal Miller,1
Neeraj Pandey,1
Neil Armfield,1
Neil Berkeley,2
Neil Jordan,2
Neil LaBute,1
Neil Marshall,3
Neil Triffett,1
Neil Turitz,1
Neill Blomkamp,1
Newt Arnold,1
Nia DaCosta,1
Nic Balthazar,1
Nic Mathieu,1
"Nicholas Corea,Bill Bixby",1
Nicholas Fackler,1
Nicholas Hytner,1
Nicholas Jarecki,1
Nicholas Kharkongor,1
Nicholas McCarthy,1
Nicholas Meyer,2
Nicholas Ray,1
Nicholas Stoller,1
Nicholas Webster,1
Nicholas Zeig-Owens,1
Nick Berardini,1
"Nick Bicanic,Jason Bourque",1
Nick Broomfield,4
"Nick Broomfield,Barney Broomfield,Marc Hoeferlin",1
Nick Cassavetes,1
"Nick Chakwin,David Guglielmo",1
Nick Hamm,1
Nick Nevern,1
Nick Powell,1
Nick Ryan,1
Nick Whitfield,1
Nickolas Perry,1
"Nickolas Perry,Harry Thomason",1
Nicolas Cage,1
Nicolas Roeg,1
Nicolas Vanier,2
Nicolas Winding Refn,2
Nicole Holofcener,1
Nicole Kassell,1
Niki Caro,1
Niki Lindroth von Bahr,1
Nikkhil Advani,1
Nila Madhab Panda,1
Nils Tavernier,1
Nima Nourizadeh,1
Nisha Ganatra,1
Nitesh Tiwari,1
Nitin Kakkar,1
Nitya Mehra,1
Noah Baumbach,5
"Noah Baumbach,Jake Paltrow",1
Noah Pritzker,1
Noble Jones,1
Nora Ephron,2
Nora Fingscheidt,1
Nora Twomey,1
Norman Foster,2
Norman Jewison,3
Norman Taurog,1
Norman Tokar,2
Nosipho Dumisa,1
"Noël Coward,David Lean",1
Noël Wells,1
Nuri Bilge Ceylan,1
Nzingha Stewart,1
Ofir Raul Graizer,1
Olaf de Fleur Johannesson,1
Olatunde Osunsanmi,1
Ole Bornedal,2
Oleg Stepchenko,1
Oliver Daly,1
Oliver Hirschbiegel,1
Oliver Irving,1
Oliver Murray,1
Oliver Parker,1
Oliver Schmitz,1
Oliver Stone,3
Oliver Thompson,1
Olivia Newman,1
Olivia Wilde,1
Olivier Afonso,1
Olivier Assayas,1
Omung Kumar,2
Ondi Timoner,1
One9,1
Onur Tukel,1
Oren Moverman,1
Oren Uziel,1
Oriol Paulo,2
Orlando von Einsiedel,2
Orson Oblowitz,1
Orson Welles,1
Otis Mass,1
Otto Preminger,3
Ovidio G. Assonitis,1
Owen Egerton,1
Owen Harris,1
Oz Perkins,2
Oz Scott,1
P.J. Hogan,1
Pa. Ranjith,1
Pablo Larraín,1
Paco Cabezas,1
Paco León,1
Pamela Romanowsky,1
Pamela Yates,2
Pan Nalin,1
"Paolo Cavara,Gualtiero Jacopetti,Franco Prosperi",1
Pappi Corsicato,1
Pascal Laugier,2
Pat Healy,1
Pat Kiely,1
Pat Mills,1
Pat Murphy,1
Patricia Riggen,1
Patricia Rozema,1
Patrick Brice,3
Patrick Coyle,1
"Patrick Gilmore,Tim Johnson",1
Patrick Lussier,1
Patrick O'Brien,1
Patrick O'Dell,1
Patrick Tatopoulos,1
Paul A. Kaufman,1
Paul Andrew Williams,2
"Paul Bolger,Yvette Kaplan,Greg Tiernan,Dino Athanassiou",1
Paul Brickman,1
Paul Cox,1
Paul Dalio,1
Paul Downs Colaizzo,1
Paul Dugdale,1
Paul Feig,1
Paul Fox,1
Paul Goodwin,1
Paul Greengrass,2
Paul Gross,2
Paul Haggis,1
Paul Hoen,3
"Paul Humfress,Derek Jarman",1
Paul Hyett,1
Paul Johansson,1
Paul Justman,1
Paul Katis,1
Paul Lazarus,1
Paul Leaf,1
Paul Mazursky,1
Paul McGuigan,1
Paul Michael Glaser,2
Paul Raschid,1
Paul Schrader,4
Paul Shapiro,1
Paul Shoulberg,1
Paul Solet,1
Paul Thomas Anderson,4
Paul Urkijo Alijo,1
Paul Verhoeven,2
Paul W.S. Anderson,4
Paul Weitz,1
Paul Wright,1
Paula van der Oest,1
Pauline Chan,1
Pauly Shore,1
"Pavan Moondi,Brian Robertson",1
Pawel Pawlikowski,2
Pearry Reginald Teo,1
Pearse Elliott,1
Pedro Almodóvar,1
Pedro González-Rubio,1
Peggy Holmes,2
"Pella Kagerman,Hugo Lilja",1
Pen Densham,1
Penelope Spheeris,4
Penny Lane,3
Per Fly,1
Pernille Fischer Christensen,1
Perry Blackshear,1
Perry Lang,1
"Pete Docter,Bob Peterson",1
"Pete Docter,David Silverman,Lee Unkrich",1
"Pete Docter,Ronnie Del Carmen",1
Pete Travis,1
Peter Askin,1
Peter Berg,3
Peter Bogdanovich,3
"Peter Brosens,Jessica Woodworth",1
Peter Carter,1
Peter Cattaneo,1
Peter Chelsom,3
Peter Cohn,1
Peter Cousens,1
Peter Duffell,1
Peter George,1
Peter Hanson,1
Peter Hastings,1
Peter Hedges,2
Peter Hewitt,3
Peter Howitt,1
Peter Hutchings,2
Peter Hyams,2
Peter Jackson,1
Peter Landesman,2
"Peter Lord,Jeff Newitt",1
"Peter Lord,Nick Park",1
Peter MacDonald,1
"Peter Middleton,James Spinney",1
Peter Mullan,2
Peter Navarro,1
Peter O'Fallon,1
Peter Sasdy,1
Peter Segal,2
Peter Sillen,1
Peter Sohn,1
Peter Sollett,1
Peter Spirer,1
Peter Stylianou,1
Peter Sullivan,1
Peter Templeman,1
Peter Weir,1
Peter Wellington,1
Peter Yates,2
Petra Biondina Volpe,1
Petra Costa,1
Peyton Reed,3
Phie Ambo,1
Phil Grabsky,2
Phil Joanou,1
"Phil Johnston,Rich Moore",1
Phil Karlson,3
Philip Chidel,1
Philip Frank Messina,1
Philip Gelatt,1
Philip Kaufman,1
Philip Martin,1
Philip Ridley,1
Philip Saville,1
Philippe Aractingi,1
Philippe Caland,2
Philippe Claudel,1
Philippe Diaz,2
Philippe Mora,1
Philippe Van Leeuw,1
Phillip Andrew Morton,1
Phillip Borsos,1
Phillip Guzman,1
Phillip J. Bartell,1
Phillip Noyce,3
Phillip Youmans,1
Phyllida Lloyd,1
Pier Paolo Pasolini,5
Piero Messina,1
"Pierre Coffin,Chris Renaud",1
Pierre Deschamps,1
Pierre Morel,1
Pierre Salvadori,1
Piotr Szkopiak,1
Pjer Zalica,1
Plan B,1
Polly Draper,1
Prabhu Deva,1
Pradeep Sarkar,2
Prakash Jha,2
Prasanth Varma,1
Prashant Nair,1
Prashanth Neel,1
Predrag Antonijevic,1
Prentice Penny,1
"Prince,Albert Magnoli",1
Priscilla Cameron,1
Priyadarshan,3
Prosit Roy,1
Punit Malhotra,1
Q. Allan Brocka,1
Qaushiq Mukherjee,2
Qing Yang,1
Quentin Lee,1
"Quentin Lee,Justin Lin",1
Quentin Tarantino,6
Quinn Lasher,1
Quinn Shephard,1
R. Balki,1
R.J. Daniel Hanna,1
R.W. Goodwin,1
RZA,1
RaMell Ross,1
"Rachel Dretzin,Jamila Ephron",1
Rachel Hirons,1
Rachel Israel,1
Rachel Lears,1
Rachel Mason,1
Rachel Talalay,1
Rachid Bouchareb,1
"Rahat Kazmi,Bhanu Pratap Singh",1
"Rahi Anil Barve,Anand Gandhi,Adesh Prasad",1
Rahul Dholakia,1
Rainer Werner Fassbinder,1
Raj Kumar Gupta,1
Raja Gosnell,4
Rajkumar Hirani,3
Rakeysh Omprakash Mehra,2
Ralph Bakshi,2
Ram Gopal Varma,1
Ramesh Sippy,2
Ramin Niami,1
Ramon Zürcher,1
Ramón Salazar,1
Randal Kleiser,3
Randall Cole,1
Randall Miller,4
Randall Wallace,2
Randall Wood,1
Ranjit Tewari,1
Raoul Peck,3
Raoul Ruiz,1
"Raoul Walsh,Mario Bava",1
Rashid Masharawi,1
Ray Kellogg,2
Rayka Zehtabchi,1
"Raymie Muzquiz,Stu Livingston",1
Raymond De Felitta,2
Rebecca Addelman,1
"Rebecca Cammisa,Rob Fruchtman",1
Rebecca Miller,1
Rebecca Richman Cohen,1
Rebecca Thomas,1
Rebecca Zlotowski,1
Reed Morano,1
Reema Kagti,1
Reg Traviss,1
Reginald Hudlin,3
Reinaldo Marcus Green,1
Remo D'Souza,2
Rene Liu,1
Renny Harlin,2
René Clément,1
Rhys Graham,1
Rhys Thomas,1
Rian Johnson,1
Ribhu Dasgupta,1
Ric Esther Bienstock,1
Ric Roman Waugh,2
Rich Fox,1
Rich Moore,1
Richard Attenborough,1
"Richard Barber,Andre Lambertson",1
Richard Benjamin,3
"Richard Berge,Bonni Cohen,Nicole Newnham",1
Richard Berry,1
Richard Brooks,1
Richard Ciupka,1
"Richard Claus,Karsten Kiilerich",1
Richard Curtis,1
Richard E. Grant,1
Richard Eyre,4
Richard Fleischer,3
Richard Franklin,3
Richard Gray,1
Richard Greenberg,1
Richard Hankin,1
Richard LaGravenese,1
"Richard Ladkani,Sean Bogle,Matthew Podolsky",1
Richard Linklater,3
Richard Loncraine,4
"Richard Lowenstein,Lynn-Maree Milburn",1
Richard Marquand,2
Richard Martini,1
Richard Moore,1
Richard Parry,2
Richard Pearce,1
Richard Press,1
Richard Raaphorst,1
Richard Rich,1
Richard Schenkman,2
Richard Shepard,1
Richard Spence,1
Richard Thorpe,1
"Richard W. Haines,Lloyd Kaufman",1
"Richard Whorf,Vincente Minnelli,George Sidney",1
"Richard da Costa,Alex Parkinson",1
Richie Adams,1
Richie Mehta,2
Richie Moore,1
Richie Smyth,1
Rick Alverson,2
Rick Bieber,1
"Rick Caine,Debbie Melnyk",1
Rick Rowley,1
"Ricki Stern,Anne Sundberg",1
Ricky Gervais,2
"Ricky Gervais,Matthew Robinson",1
Ridley Scott,2
Riley Stearns,2
Rima Das,1
Ritesh Batra,2
Rob Burnett,1
Rob Cohen,2
Rob Kuhns,1
Rob Letterman,1
Rob Marshall,2
Rob Meyer,1
Rob Minkoff,3
Rob Reiner,5
Rob Schmidt,1
Rob Stewart,1
Rob W. King,2
Robert Aldrich,1
Robert Altman,7
Robert B. Weide,1
Robert Benton,1
Robert Bierman,2
Robert Butler,1
"Robert C. Ramirez,Patrick A. Ventura",2
"Robert C. Ramirez,Steve Trenbirth",1
Robert Connolly,1
Robert D. Krzykowski,1
Robert Duvall,2
Robert Edwards,1
Robert Eggers,2
Robert Florey,1
Robert Fontaine,1
"Robert Gordon,Morgan Neville",1
Robert Greene,1
Robert Greenwald,4
Robert Guédiguian,1
Robert Harling,1
Robert Harmon,1
"Robert Hughes,Dan Povenmire,Jay Lender,Jeff 'Swampy' Marsh,Kyle Menke",1
Robert J. Flaherty,1
Robert Kenner,1
Robert Luketic,3
Robert M. Young,3
Robert Mandel,1
Robert Markowitz,1
Robert Meyer Burnett,1
Robert Mockler,1
Robert Moore,1
Robert Mugge,1
Robert Mullan,1
"Robert Osman,Nathanael Wiseman",1
Robert Rodriguez,2
Robert Shallcross,1
Robert Siegel,2
Robert Siodmak,1
Robert Smigel,1
Robert Stevenson,10
"Robert Stevenson,Ward Kimball",1
Robert Stone,1
Robert Townsend,1
Robert Vince,1
Robert Wiene,1
Robert Wise,5
Robert Young,1
Robert Zemeckis,6
"Robert Zemeckis,Richard Williams",1
"Roberta Grossman,Sophie Sartain",1
Roberto Andò,1
Roberto Faenza,1
"Roberts Gannaway,Peggy Holmes",1
Robi Michael,1
"Robin Budd,Donovan Cook",1
Robin Campillo,1
Robin Hardy,1
Robin Swicord,1
Rod Blackhurst,1
"Rod Blackhurst,Brian McGinn",1
Rodger Grossman,1
Rodney Ascher,1
Rodrigo Cortés,1
Rodrigo Plá,1
Roel Reiné,1
"Roger Allers,Gaëtan Brizzi,Paul Brizzi,Joan C. Gratz,Mohammed Saeed Harib,Tomm Moore,Nina Paley,Bill Plympton,Joann Sfar,Michal Socha",1
"Roger Allers,Jill Culton,Anthony Stacchi",1
Roger Christian,1
Roger Corman,3
Roger Donaldson,1
Roger Kumble,3
Roger Michell,2
Roger Nygard,1
Roger Paradiso,1
Roger Ross Williams,1
Roger Sherman,1
Roger Spottiswoode,6
Rohit Colin Rao,1
Rohit Shetty,3
Roland Emmerich,4
Roland Joffé,2
Rolf de Heer,3
Romain Gavras,1
Roman Coppola,1
Roman Polanski,6
"Ron Clements,Burny Mattinson,David Michener,John Musker",1
"Ron Clements,John Musker",3
"Ron Clements,John Musker,Don Hall,Chris Williams",1
Ron Fricke,1
Ron Howard,7
Ron Mann,2
Ron Maxwell,1
Ron Scalpello,1
Ron Shelton,2
Ron Underwood,2
Ronny Yu,2
Rory Kennedy,3
Rose Bosch,2
Rose Troche,1
Rosemary Myers,1
Ross Boyask,1
Ross Kagan Marks,1
Ross Katz,1
Ross Partridge,1
Rouben Mamoulian,1
Rowan Joffe,1
Rowdy Herrington,1
Rowland V. Lee,1
Roxanne Benjamin,1
"Roxanne Benjamin,Karyn Kusama,St. Vincent,Jovanka Vuckovic",1
"Roxanne Benjamin,Matt Bettinelli-Olpin,David Bruckner,Tyler Gillett,Patrick Horvath,Justin Martinez,Radio Silence,Chad Villella",1
Roy Del Ruth,1
Roy Ward Baker,1
Roy William Neill,2
"Ruben Amar,Lola Bessis",1
Ruben Fleischer,1
Ruben Östlund,1
Rucha Humnabadkar,1
Rudolph Maté,1
Rudy De Luca,1
Rudy Durand,1
Rupert Glasson,1
Rupert Wainwright,2
Russell Brown,1
Russell Crowe,1
Russell Harbaugh,1
"Russell Hodge,Cynthia Scott-Johnson",1
Russell Mulcahy,2
Russell Rouse,1
Rusty Cundieff,2
"Rusty Cundieff,Darin Scott",1
Ruth Leitman,1
Ry Russo-Young,1
Ryan Bellgardt,1
Ryan Coogler,1
Ryan Eggold,1
Ryan Jaffe,1
Ryan Little,1
Ryan Piers Williams,1
Ryôtarô Makihara,1
Ryûhei Kitamura,1
"Rémi Bezançon,Jean-Christophe Lie",1
S. Craig Zahler,2
S.J. Clarkson,1
S.S. Rajamouli,2
S.S. Wilson,1
"Sabaah Folayan,Damon Davis",1
Sabir Khan,1
Sachin Yardi,1
Saket Chaudhary,1
Salim Akil,1
Salima Koroma,1
Sally Potter,2
Salomé Breziner,1
Sam Boyd,1
Sam Dunn,1
"Sam Dunn,Scot McFadyen",1
Sam Firstenberg,1
Sam Fleischner,1
"Sam Green,Bill Siegel",1
Sam Hargrave,1
Sam Levinson,2
Sam Mendes,2
Sam Peckinpah,3
Sam Pillsbury,2
Sam Pollard,1
Sam Raimi,1
Sam Shepard,1
Sam Voutas,1
Sam Weisman,1
Sam Wood,1
Samantha Buck,1
Samantha Morton,1
Samir Oliveros,1
Samu Fuentes,1
Samuel Fuller,2
Samuel Kishi,1
Sandeep Reddy Vanga,1
Sandi Tan,1
Sandra Goldbacher,2
Sang-ho Yeon,2
Sang-soo Im,3
Sanjay Gadhvi,1
Sanjay Gupta,2
Sanjay Leela Bhansali,2
Sanjay Rawal,1
Sankalp Reddy,1
Sara Colangelo,1
Sara Driver,1
"Sara Newens,Mina T. Son",1
Sara Sugarman,1
Sarah Adina Smith,2
Sarah Daggar-Nickson,1
Sarah Gavron,2
Sarah Smick,1
"Sarah Smith,Barry Cook",1
Sarah Spillane,1
Sarah Watt,1
Sarik Andreasyan,1
"Sarita Khurana,Smriti Mundhra",1
Satoshi Kuwabara,1
Saul Dibb,3
Saul Metzstein,2
Savage Steve Holland,1
Saverio Costanzo,1
Scooter Corkle,1
"Scott Alexander,Larry Karaszewski",1
Scott Aukerman,1
"Scott Aukerman,Akiva Schaffer",1
Scott B. Hansen,1
"Scott Beck,Bryan Woods",1
Scott Cohen,1
Scott Cooper,1
Scott Derrickson,2
Scott Glosserman,1
Scott Hamilton Kennedy,2
Scott Hicks,1
Scott Lew,1
Scott Mann,1
Scott Marshall,1
Scott Martin,1
"Scott McGehee,David Siegel",2
Scott P. Harris,1
Scott Sidney,1
Scott Smith,1
Scott Speer,1
Scott Storm,1
Scott Walker,1
Scott Waugh,1
Scott Z. Burns,2
Sean Anders,1
Sean Baker,2
Sean Ellis,2
"Sean Fine,Andrea Nix",1
Sean Foley,1
Sean Garrity,1
Sean McAllister,1
Sean McNamara,3
Sean Penn,2
Sean S. Cunningham,1
Sebastian Gutierrez,1
"Sebastian Jones,Ramez Silyan",1
Sebastian del Amo,1
Sebastián Cordero,1
Sebastián Hofmann,1
Sebastián Lelio,2
Sebastián Silva,1
"Serge Bromberg,Ruxandra Medrea",1
Sergey Mokritskiy,1
Sergio Castellitto,1
Sergio Corbucci,1
Sergio G. Sánchez,1
Sergio Leone,2
Sergio Martino,1
"Sergio Pablos,Carlos Martínez López",1
Sergio Tovar Velarde,1
Seth A. Smith,1
Seth Barrish,1
"Seth Fuller,Scott Hussion",1
Seth Green,1
Seth MacFarlane,1
Seung-wan Ryoo,2
Shaad Ali,3
Shady Srour,1
Shakun Batra,2
Shamim Sarif,1
Shan Hua,1
Shana Betz,1
Shana Feste,1
Shane Abbess,2
Shane Acker,1
Shane Black,2
Shane Meadows,2
Shane O'Sullivan,1
Shanker Raman,1
"Shannon Service,Jeffrey Waldron",1
Sharat Katariya,1
"Shari Springer Berman,Robert Pulcini",1
Sharon Maguire,1
Shashank Khaitan,1
Shashanka Ghosh,1
Shaul Schwarz,1
Shawn Christensen,1
Shawn Ku,1
Shawn Levy,1
Shekhar Kapur,3
Sheldon Lettich,1
"Shelley Lee Davies,Or Shlomi",1
Shelly Chopra Dhar,1
Shigehiro Ozawa,1
Shimit Amin,2
Shin-yeon Won,1
Shira Piven,1
Shivam Nair,1
Shlok Sharma,1
Shola Lynch,1
Shonali Bose,1
"Shonali Bose,Nilesh Maniyar",1
Shree Narayan Singh,1
Shreyas Talpade,1
Shrihari Sathe,1
Sian Heder,1
Sias Wilson,1
Sid Bennett,1
Siddharth Anand,3
Siddharth Malhotra,1
"Sierra Pettengill,Pacho Velez",1
Siew Hua Yeo,1
Silvio Soldini,1
Simeon Halligan,1
Simon Aboud,1
Simon Baker,1
Simon Curtis,1
Simon Fellows,1
Simon Fitzmaurice,1
"Simon J. Smith,Steve Hickner",1
Simon Kaijser,1
Simon Langton,1
Simon Lavoie,1
Simon Pummell,1
Simon Rumley,1
Simon Verhoeven,1
Simon Wells,2
Simon West,2
Simon Wincer,6
"Sin-Hang Chiu,Pak-Wing Yan",1
Sion Sono,2
Skye Borgman,1
Slava Tsukerman,1
So Yong Kim,2
Sofia Coppola,3
Soi Cheang,1
Sol Tryon,1
Sonia Kennebeck,1
Sooraj R. Barjatya,1
Sophia Takal,1
Sophie Barthes,1
Sophie Fiennes,1
Sophie Hyde,1
Sophie Laloy,1
Spike Jonze,2
Spike Lee,7
"Spike Lee,Danya Taymor",1
Sprague Theobald,1
Srijit Mukherji,1
Stacie Passon,1
Stacy Peralta,2
Stacy Title,1
Stan Dragoti,2
Stan Lathan,1
Stanley Donen,3
Stanley J. Orzel,1
Stanley Kramer,2
Stanley Kubrick,1
Stanley Nelson,1
"Stefan Avalos,Lance Weiler",1
Stefan Schwartz,1
Stefon Bristol,1
Stephan Littger,1
Stephan Rick,1
Stephanie Laing,1
"Stephanie Soechtig,Jeremy Seifert",1
Stephen Bradley,1
Stephen Chbosky,1
Stephen Chiodo,1
Stephen Chow,1
Stephen Cognetti,1
Stephen Cone,2
Stephen Daldry,1
"Stephen Daldry,Christian Duurvoort",1
Stephen Frears,2
Stephen Fung,2
Stephen Gyllenhaal,3
Stephen Herek,1
Stephen J. Anderson,1
Stephen Kessler,1
Stephen Kijak,1
Stephen Lance,1
Stephen Merchant,1
Stephen Norrington,1
"Stephen Shin,Michael Parker",1
Stephen Sommers,2
Stephen Surjik,1
Stephen Vittoria,1
Sterlin Harjo,1
Stevan Mena,1
Steve Antin,1
Steve Boyum,1
Steve Buscemi,3
Steve Carr,2
Steve Carver,2
Steve Hoover,1
"Steve Jones,Todd Jones",1
Steve Loter,1
"Steve Loter,Victor Cook,Steve Loter,Don MacKinnon,Lisa Schaffer",1
Steve McLean,1
Steve Miner,2
Steve Race,1
"Steve Read,Rob Alexander",1
Steve Reeves,1
"Steve Sekely,Freddie Francis",1
Steve Trenbirth,1
"Steven Bognar,Julia Reichert",1
Steven Brill,4
"Steven Brill,Nicholaus Goossen",1
Steven C. Miller,2
Steven Caple Jr.,1
Steven Chester Prince,1
Steven Gomez,1
Steven Greenstreet,1
Steven K. Tsuchida,1
Steven Knight,2
Steven Kostanski,1
Steven Luke,1
Steven Okazaki,1
Steven Quale,1
Steven R. Monroe,2
Steven Soderbergh,7
Steven Spielberg,9
Steven-Charles Jaffe,1
Stewart Raffill,1
Stewart Schill,1
Stewart Sparke,1
Stewart Thorndike,1
"Stig Bergqvist,Paul Demeyer",1
Storm Ashwood,1
Storm Saulter,1
Stuart Beattie,2
Stuart Gillard,2
Stuart Gordon,1
Stuart Hazeldine,1
Stuart McDonald,1
Stuart Townsend,1
Stuart Zicherman,1
Sturla Gunnarsson,2
"Stéphane Aubier,Vincent Patar",1
"Stéphane Aubier,Vincent Patar,Benjamin Renner",1
Sue Brooks,1
Sujoy Ghosh,1
Sunao Katabuchi,1
Sung-hee Jo,1
Sung-hoon Kim,1
Sung-hyun Yoon,1
Sung-su Kim,1
Suresh Triveni,1
Suri Krishnamma,1
Susan Dynner,1
Susan Johnson,2
Susan Kucera,1
Susan Morgan Cooper,1
Susan Seidelman,1
Susan Walter,1
Susanna Fogel,1
Susanna Nicchiarelli,1
Susanna White,1
Susanne Bier,2
Suzi Ewing,1
Suzi Yoonessi,2
Sydney Freeland,1
Sydney Pollack,1
Sylvain White,1
Tad Stones,1
Taika Waititi,2
Takashi Miike,5
"Tal Granit,Sharon Maymon",1
Talal Derki,1
"Tamar Halpern,Chris Quilty",1
Tamara Jenkins,2
"Tamara Kotevska,Ljubomir Stefanov",1
Tamas Yvan Topolanszky,1
Tamra Davis,2
Tanuj Bhramar,1
Tanuja Chandra,1
Tarsem Singh,2
Taryn Brumfitt,1
Taylor Hackford,1
Taylor Ri'chard,1
"Ted Berman,Richard Rich",1
"Ted Berman,Richard Rich,Art Stevens,David Hand,Wolfgang Reitherman",1
Ted Braun,1
Ted Demme,1
Ted Emery,1
Ted Geoghegan,2
Ted Kotcheff,2
Ted Tetzlaff,1
Ted V. Mikels,1
Teddy Chan,2
Teddy Lussi-Modeste,1
Teemu Nikki,1
Terence Davies,1
Terence Fisher,2
Terence Young,1
Terrence Malick,2
Terry Gilliam,2
"Terry Gilliam,Terry Jones",1
Terry Jones,2
Terry Zwigoff,1
Tetsuo Yajima,1
Theo Love,1
Theodore Thomas,1
Theresa Bennett,1
Thierry Binisti,1
Thierry de Peretti,1
Thom Fitzgerald,2
Thom Zimny,1
"Thomas Ashley,Steven Stockage",1
"Thomas Beatty,Rebecca Fishman",1
Thomas Bezucha,1
Thomas J. Wright,1
Thomas Napper,1
Thomas Riedelsheimer,2
Thomas Stuber,1
Thomas Vinterberg,1
Thomas Whelan,1
Thor Freudenthal,1
"Thurop Van Orman,John Rice",1
Ti West,1
Tian-Ming Wu,1
Tiffany Bartok,1
Tiller Russell,1
Tim Burton,4
"Tim Burton,Mike Johnson",1
Tim Chambers,1
Tim Fywell,2
"Tim Golden,Ross McDonnell",1
Tim Hill,1
Tim Hunter,2
Tim K. Smith,1
Tim Kirkby,1
Tim Kirkman,1
Tim McCann,1
Tim Reis,1
Tim Robbins,1
Tim Roth,1
Tim Wardle,1
Timo Tjahjanto,2
Timo Vuorensola,1
Timothy A. Chey,1
Timothy Greenfield-Sanders,1
Timothy Hutton,1
Timothy Linh Bui,1
Timothy Woodward Jr.,1
"Tina Mascara,Guido Santi",1
Tinge Krishnan,1
Tinto Brass,1
Tjebbo Penning,1
Toa Fraser,1
"Toby Genkel,Sean McCormack",1
"Toby Shelton,Tad Stones,Alan Zaslove",1
Tod Williams,1
Todd Berger,2
Todd Douglas Miller,1
Todd Haynes,1
Todd Holland,1
Todd Louiso,1
Todd Sklar,1
"Todd Soliday,Leah Warshawski",1
Todd Solondz,1
Tom Berry,1
Tom Dey,1
Tom Donahue,1
"Tom Ellery,Bradley Raymond",1
Tom Ford,1
Tom Graeff,1
Tom Green,1
Tom Hammock,1
Tom Harper,2
Tom Holland,1
Tom Hooper,3
"Tom Kingsley,Will Sharpe",1
Tom Konkle,1
Tom Mankiewicz,1
Tom McCarthy,1
Tom McGrath,1
Tom McLoughlin,1
Tom Moore,1
Tom Nagel,1
Tom Reeve,1
Tom Shadyac,3
"Tom Stern,Alex Winter",1
Tom Stoppard,1
Tom Vaughan,2
Tomas Alfredson,3
Tomm Moore,1
Tommy Avallone,1
Tommy Bertelsen,1
"Tommy Haines,Andrew Sherburne",1
Tommy O'Haver,3
Tommy Stovall,1
Tommy Wirkola,2
Tomohiko Itô,1
Tonino Valerii,1
Tonislav Hristov,1
"Tono Errando,Javier Mariscal,Fernando Trueba",1
Tony Ayres,1
Tony Bill,1
"Tony Craig,Roberts Gannaway",2
Tony D'Aquino,1
Tony Elliott,1
Tony Giglio,1
Tony McNamara,2
Tony Randel,1
Tony Scott,2
Tony Zierra,1
Tope Oshin,1
Travis Knight,1
Travis Mills,1
Travis Stevens,1
Trent Haaga,1
Treva Wurmfeld,1
Trevor Nunn,1
Trevor White,1
Trey Edward Shults,2
Trisha Ziff,1
Tristan Ferland Milewski,1
Tristan Loraine,1
Tristan Patterson,1
Troy Duffy,1
Troy Nixey,1
Tucia Lyman,1
Tyler MacIntyre,1
"Tyler Measom,Jennilyn Merten",1
"Tyler Measom,Justin Weinstein",1
Tyler Perry,6
Tyler Shields,1
Udayan Prasad,1
Uli Edel,1
Ulli Lommel,1
Ulu Grosbard,1
Umberto Lenzi,1
Umesh Shukla,1
Urszula Antoniak,1
Uwe Boll,3
V. Scott Balcerek,1
"Vadim Jean,Gary Sinyor",1
Vadim Perelman,1
Valerie Weiss,1
Valeska Grisebach,1
Vandana Kataria,1
Vanessa Parise,1
"Vanessa Roth,Brian McGinn",1
Vaughan Sivell,1
Ventura Pons,1
Vic Armstrong,1
Vic Sarin,1
Vicente Amorim,1
"Vicente Amorim,Guillermo Arriaga,Stephan Elliott,Sang-soo Im,Nadine Labaki,Fernando Meirelles,José Padilha,Carlos Saldanha,Paolo Sorrentino,John Turturro,Andrucha Waddington,César Charlone",1
Vicente Aranda,1
Vicki Vasilopoulos,1
Vicky Jewson,1
Victor Halperin,1
Victor Levin,1
Victor Mathieu,1
Victor Mignatti,1
Victor Nunez,1
Victor Quinaz,1
Victor Salva,1
Victor Schertzinger,1
Victor Zarcoff,1
Victoria Negri,1
Viet Nguyen,1
Vijay Krishna Acharya,1
Vijay Lalwani,1
Vikas Bahl,1
Vikramaditya Motwane,1
Vin Diesel,1
Vince Gilligan,1
Vince Marcello,1
Vincent D'Onofrio,1
Vincent Grashaw,1
"Vincent Kesteloot,Ben Stassen,Mimi Maynard",1
Vincent Lambe,1
Vincent McEveety,3
Vincent Perez,1
Vincent Sherman,1
Vincent Soberano,1
Vincent Woods,1
Vincente Minnelli,1
Vincenzo Natali,1
Vinil Mathew,1
Violeta Ayala,1
Virginia Gilbert,1
Vishal Bhardwaj,3
Vishal Mishra,1
Vito Rocco,1
Vittorio De Sica,3
Vivek Sharma,1
Vivi Friedman,1
Vivian Qu,1
Vladan Nikolic,1
Volker Schlöndorff,3
"Waad Al-Kateab,Edward Watts",1
Wade Gasque,1
Walerian Borowczyk,1
Wallace Fox,1
Wallace Wolodarsky,1
Wally Pfister,1
Walter Grauman,1
Walter Hill,7
"Walter Lang,William A. Seiter",1
Walter Murch,1
Walter Salles,1
Warren Beatty,2
Warren P. Sonoda,1
Warwick Thornton,1
Wash Westmoreland,2
Wayne Blair,1
Wayne Kramer,1
Wayne Roberts,1
Wayne Wang,1
Wei Lo,1
Wei-Hao Cheng,1
Wendy Jo Cohen,1
Werner Herzog,7
"Werner Herzog,André Singer",1
Wes Craven,2
Whit Stillman,1
Whitney Cummings,1
Whitney Smith,1
"Wilfred Jackson,Jack Kinney,Hamilton Luske,Bill Roberts,Norman Ferguson",1
Will Allen,1
"Will Becher,Richard Phelan",2
Will Canon,1
"Will Finn,Daniel St. Pierre",1
"Will Finn,John Sanford",1
"Will Lovelace,Dylan Southern",1
Will Wallace,1
William A. Wellman,2
William Asher,1
William Beaudine,2
William Bindley,1
William Brent Bell,2
William Castle,1
"William Cottrell,David Hand,Wilfred Jackson,Larry Morey,Perce Pearce,Ben Sharpsteen",1
William Dear,1
William Dieterle,1
William E. Badgley,1
William Eubank,1
William Friedkin,3
William Gazecki,2
William H. Macy,1
"William Karel,Livia Manera",1
"William L. Nolte,Ralph Cooper",1
William Lustig,1
William Malone,1
William Olsson,1
William Peter Blatty,2
William Richert,1
William Sachs,1
William Shatner,1
William Wyler,3
Wilson Coneybeare,1
Wilson Yip,3
Wim Wenders,2
Wolfgang Petersen,2
Wolfgang Reitherman,1
"Wolfgang Reitherman,Clyde Geronimi,David Hand",1
Woo-Ping Yuen,4
Woo-Suk Kang,2
Woody Allen,2
Woody Harrelson,1
Xander Robin,1
Xavier Dolan,1
Xavier Manrique,1
Xiaolu Xue,1
Xiaoshuai Wang,1
Xiaozhi Rao,1
Yan England,1
Yance Ford,1
Yaron Zilberman,1
Yash Chopra,1
Yedidya Gorsetman,1
Yimou Zhang,2
"Yimou Zhang,Fengliang Yang",1
Yong-hwa Kim,1
Yony Leyser,1
Yorgos Lanthimos,2
York Alec Shackleton,1
Yoshiaki Kawajiri,1
Young-seok Noh,1
Yusry Abd Halim,1
Yves Montmayeur,1
Zach Braff,1
Zach Golden,1
"Zach Lipovsky,Adam B. Stein",1
"Zachary Cotler,Magdalena Zyzak",1
Zachary Donohue,1
Zachary Heinzerling,1
Zack Parker,1
Zack Whedon,1
"Zackary Canepari,Drea Cooper",1
Zak Bagans,1
Zak Hilditch,3
Zeki Demirkubuz,1
Zhangke Jia,1
Ziad Doueiri,1
Zoya Akhtar,3
Álex de la Iglesia,1
Álvaro Brechner,1
Árpád Sopsits,1
"Çetin Inanç,Robert Aldrich,Bert I. Gordon",1
Émile Gaudreault,1
Óskar Thór Axelsson,1
